epoch;batch;time;data;learning_rate;loss;pearson_correlation
0;0;1.758;0.075;0.0;1.12083;-0.018
0;1;0.12;0.001;0.0;1.39801;-0.067
0;2;0.27;0.001;5e-07;1.13454;-0.104
0;3;0.336;0.001;1e-06;1.15119;-0.126
0;4;0.253;0.001;1.5e-06;0.98131;-0.116
0;5;0.272;0.001;2e-06;1.00773;-0.098
0;6;0.267;0.001;2.5e-06;0.98502;-0.079
0;7;0.277;0.0;3e-06;0.93252;-0.066
0;8;0.278;0.001;3.4e-06;1.51719;-0.076
0;9;0.271;0.001;3.9e-06;1.41942;-0.08
0;10;0.271;0.001;4.4e-06;1.24144;-0.086
0;11;0.276;0.001;4.9e-06;0.95686;-0.094
0;12;0.274;0.001;5.4e-06;0.96936;-0.077
0;13;0.275;0.001;5.9e-06;1.16676;-0.045
0;14;0.26;0.001;6.4e-06;0.96118;-0.043
0;15;0.281;0.0;6.9e-06;0.66076;-0.037
0;16;0.275;0.001;7.4e-06;0.97105;-0.023
0;17;0.276;0.001;7.9e-06;1.18045;-0.019
0;18;0.272;0.001;8.4e-06;1.06196;-0.017
0;19;0.272;0.001;8.9e-06;1.02093;-0.004
0;20;0.276;0.001;9.4e-06;1.0016;0.008
0;21;0.274;0.001;9.9e-06;1.07259;0.017
0;22;0.274;0.0;1.03e-05;0.93585;0.025
0;23;0.273;0.0;1.08e-05;1.09399;0.03
0;24;0.275;0.0;1.13e-05;1.391;0.041
0;25;0.273;0.001;1.18e-05;0.85482;0.051
0;26;0.274;0.001;1.23e-05;1.01083;0.049
0;27;0.277;0.0;1.28e-05;0.86824;0.053
0;28;0.276;0.001;1.33e-05;1.25805;0.061
0;29;0.277;0.0;1.38e-05;0.83614;0.068
0;30;0.274;0.001;1.43e-05;0.89943;0.074
0;31;0.274;0.0;1.48e-05;1.17321;0.079
0;32;0.275;0.001;1.53e-05;0.99199;0.078
0;33;0.273;0.001;1.58e-05;0.97674;0.086
0;34;0.274;0.0;1.63e-05;0.82535;0.094
0;35;0.277;0.001;1.67e-05;0.91526;0.107
0;36;0.275;0.001;1.72e-05;1.18134;0.098
0;37;0.273;0.0;1.77e-05;0.75534;0.106
0;38;0.276;0.0;1.82e-05;0.80784;0.114
0;39;0.275;0.001;1.87e-05;1.07838;0.122
0;40;0.276;0.0;1.92e-05;1.00783;0.127
0;41;0.272;0.0;1.97e-05;1.03869;0.129
0;42;0.276;0.0;2.02e-05;0.73517;0.134
0;43;0.278;0.001;2.07e-05;0.83949;0.152
0;44;0.272;0.001;2.12e-05;0.8684;0.171
0;45;0.274;0.0;2.17e-05;0.74018;0.183
0;46;0.275;0.001;2.22e-05;0.99607;0.189
0;47;0.278;0.001;2.27e-05;0.77158;0.197
0;48;0.274;0.0;2.32e-05;0.63476;0.209
0;49;0.276;0.0;2.36e-05;0.56218;0.217
0;50;0.272;0.001;2.41e-05;0.46519;0.238
0;51;0.275;0.001;2.46e-05;0.91737;0.239
0;52;0.274;0.001;2.51e-05;0.77452;0.251
0;53;0.274;0.0;2.56e-05;0.38616;0.27
0;54;0.276;0.001;2.61e-05;0.76694;0.275
0;55;0.272;0.001;2.66e-05;0.67557;0.284
0;56;0.274;0.0;2.71e-05;0.87138;0.292
0;57;0.271;0.001;2.76e-05;0.72397;0.297
0;58;0.275;0.001;2.81e-05;1.00912;0.302
0;59;0.268;0.001;2.86e-05;0.81864;0.305
0;60;0.274;0.001;2.91e-05;0.8388;0.308
0;61;0.261;0.001;2.96e-05;0.45501;0.32
0;62;0.282;0.001;3e-05;0.78474;0.325
0;63;0.276;0.0;3.05e-05;0.92124;0.326
0;64;0.274;0.0;3.1e-05;0.90296;0.327
0;65;0.271;0.001;3.15e-05;0.64668;0.331
0;66;0.273;0.0;3.2e-05;0.58372;0.336
0;67;0.273;0.001;3.25e-05;0.81913;0.342
0;68;0.279;0.001;3.3e-05;0.50912;0.346
0;69;0.273;0.001;3.35e-05;0.81114;0.349
0;70;0.275;0.0;3.4e-05;0.61323;0.355
0;71;0.274;0.001;3.45e-05;0.51331;0.361
0;72;0.275;0.001;3.5e-05;1.45644;0.355
0;73;0.273;0.001;3.55e-05;0.7569;0.357
0;74;0.275;0.0;3.6e-05;0.76475;0.36
0;75;0.276;0.001;3.65e-05;0.99589;0.359
0;76;0.275;0.001;3.69e-05;1.42406;0.352
0;77;0.271;0.0;3.74e-05;1.10609;0.349
0;78;0.274;0.001;3.79e-05;0.94939;0.347
0;79;0.276;0.001;3.84e-05;0.87747;0.35
0;80;0.278;0.001;3.89e-05;0.80132;0.353
0;81;0.275;0.0;3.94e-05;1.17118;0.351
0;82;0.275;0.001;3.99e-05;0.95733;0.351
0;83;0.278;0.001;4.04e-05;1.50663;0.346
0;84;0.276;0.001;4.09e-05;0.80301;0.348
0;85;0.275;0.001;4.14e-05;0.76638;0.348
0;86;0.275;0.001;4.19e-05;0.81516;0.35
0;87;0.274;0.0;4.24e-05;1.18414;0.35
0;88;0.275;0.0;4.29e-05;1.27383;0.347
0;89;0.274;0.001;4.33e-05;0.83616;0.349
0;90;0.275;0.0;4.38e-05;0.70944;0.353
0;91;0.274;0.001;4.43e-05;0.7371;0.352
0;92;0.275;0.0;4.48e-05;0.7307;0.353
0;93;0.277;0.001;4.53e-05;0.80766;0.354
0;94;0.277;0.0;4.58e-05;0.76464;0.355
0;95;0.279;0.0;4.63e-05;0.80424;0.355
0;96;0.268;0.001;4.68e-05;0.87865;0.356
0;97;0.274;0.001;4.73e-05;0.81979;0.357
0;98;0.277;0.0;4.78e-05;0.61695;0.358
0;99;0.279;0.001;4.83e-05;0.87854;0.358
0;100;0.271;0.001;4.88e-05;0.85514;0.36
0;101;0.277;0.0;4.93e-05;0.89034;0.361
0;102;0.277;0.001;4.98e-05;0.68191;0.364
0;103;0.278;0.0;5.02e-05;1.04546;0.36
0;104;0.276;0.001;5.07e-05;0.68047;0.361
0;105;0.276;0.0;5.12e-05;0.80181;0.36
0;106;0.276;0.0;5.17e-05;1.10412;0.36
0;107;0.282;0.0;5.22e-05;1.49482;0.356
0;108;0.278;0.0;5.27e-05;0.73003;0.356
0;109;0.278;0.001;5.32e-05;0.91651;0.356
0;110;0.279;0.001;5.37e-05;0.64656;0.358
0;111;0.275;0.001;5.42e-05;0.52891;0.359
0;112;0.277;0.0;5.47e-05;0.74149;0.36
0;113;0.277;0.0;5.52e-05;0.81469;0.361
0;114;0.277;0.001;5.57e-05;0.55669;0.364
0;115;0.276;0.001;5.62e-05;0.70929;0.366
0;116;0.275;0.001;5.67e-05;0.72462;0.367
0;117;0.279;0.001;5.71e-05;0.51223;0.37
0;118;0.274;0.001;5.76e-05;0.80399;0.371
0;119;0.276;0.001;5.81e-05;0.74849;0.374
0;120;0.276;0.001;5.86e-05;0.52373;0.377
0;121;0.275;0.0;5.91e-05;0.69839;0.379
0;122;0.267;0.0;5.96e-05;0.90267;0.381
0;123;0.276;0.001;6.01e-05;0.54416;0.384
0;124;0.288;0.001;6.06e-05;1.18485;0.382
0;125;0.272;0.001;6.11e-05;0.80565;0.383
0;126;0.273;0.001;6.16e-05;0.85891;0.383
0;127;0.273;0.001;6.21e-05;0.87006;0.385
0;128;0.276;0.001;6.26e-05;0.7769;0.387
0;129;0.274;0.0;6.31e-05;0.59372;0.389
0;130;0.275;0.001;6.35e-05;0.82083;0.39
0;131;0.277;0.0;6.4e-05;1.16632;0.39
0;132;0.278;0.001;6.45e-05;0.94885;0.391
0;133;0.275;0.001;6.5e-05;0.82395;0.391
0;134;0.276;0.0;6.55e-05;0.75105;0.391
0;135;0.279;0.001;6.6e-05;1.08853;0.391
0;136;0.28;0.001;6.65e-05;0.6492;0.392
0;137;0.278;0.0;6.7e-05;0.85292;0.392
0;138;0.273;0.001;6.75e-05;0.7943;0.393
0;139;0.279;0.001;6.8e-05;0.86534;0.393
0;140;0.278;0.001;6.85e-05;0.64972;0.393
0;141;0.279;0.001;6.9e-05;0.688;0.394
0;142;0.278;0.001;6.95e-05;0.69421;0.394
0;143;0.282;0.001;7e-05;0.73367;0.395
0;144;0.28;0.001;7.04e-05;0.53221;0.397
0;145;0.278;0.001;7.09e-05;0.46523;0.399
0;146;0.278;0.0;7.14e-05;0.59704;0.401
0;147;0.278;0.0;7.19e-05;0.70929;0.401
0;148;0.275;0.001;7.24e-05;0.5577;0.403
0;149;0.274;0.001;7.29e-05;0.74796;0.404
0;150;0.277;0.001;7.34e-05;0.75242;0.405
0;151;0.277;0.001;7.39e-05;0.60773;0.408
0;152;0.277;0.001;7.44e-05;0.87789;0.409
0;153;0.279;0.0;7.49e-05;0.79285;0.409
0;154;0.278;0.0;7.54e-05;0.5172;0.411
0;155;0.274;0.001;7.59e-05;0.53199;0.412
0;156;0.276;0.001;7.64e-05;0.64274;0.413
0;157;0.279;0.001;7.68e-05;0.89488;0.414
0;158;0.281;0.001;7.73e-05;0.71339;0.416
0;159;0.278;0.001;7.78e-05;0.89346;0.416
0;160;0.277;0.001;7.83e-05;0.56473;0.418
0;161;0.277;0.0;7.88e-05;0.52963;0.419
0;162;0.278;0.001;7.93e-05;0.78565;0.42
0;163;0.275;0.001;7.98e-05;0.94614;0.419
0;164;0.279;0.0;8.03e-05;0.84924;0.42
0;165;0.275;0.001;8.08e-05;0.90128;0.419
0;166;0.28;0.001;8.13e-05;0.85037;0.419
0;167;0.279;0.001;8.18e-05;0.60976;0.42
0;168;0.28;0.001;8.23e-05;0.76251;0.42
0;169;0.28;0.0;8.28e-05;0.78822;0.42
0;170;0.279;0.001;8.33e-05;0.69184;0.421
0;171;0.278;0.001;8.37e-05;0.81253;0.421
0;172;0.277;0.0;8.42e-05;0.9623;0.421
0;173;0.279;0.001;8.47e-05;0.49857;0.423
0;174;0.278;0.001;8.52e-05;0.62826;0.425
0;175;0.275;0.001;8.57e-05;0.75545;0.426
0;176;0.271;0.001;8.62e-05;0.75732;0.426
0;177;0.279;0.0;8.67e-05;0.81198;0.427
0;178;0.277;0.001;8.72e-05;0.43159;0.43
0;179;0.277;0.001;8.77e-05;0.73179;0.431
0;180;0.274;0.001;8.82e-05;0.8096;0.431
0;181;0.277;0.001;8.87e-05;0.52796;0.433
0;182;0.276;0.001;8.92e-05;0.7958;0.433
0;183;0.279;0.0;8.97e-05;0.55245;0.436
0;184;0.277;0.001;9.01e-05;0.5712;0.437
0;185;0.275;0.001;9.06e-05;0.41855;0.439
0;186;0.276;0.001;9.11e-05;0.88497;0.438
0;187;0.275;0.001;9.16e-05;0.534;0.44
0;188;0.277;0.001;9.21e-05;0.63666;0.441
0;189;0.28;0.0;9.26e-05;1.02846;0.441
0;190;0.278;0.001;9.31e-05;0.59919;0.441
0;191;0.278;0.001;9.36e-05;0.5755;0.442
0;192;0.28;0.0;9.41e-05;0.64246;0.443
0;193;0.277;0.001;9.46e-05;0.75786;0.444
0;194;0.279;0.0;9.51e-05;0.64002;0.444
0;195;0.277;0.001;9.56e-05;0.72288;0.445
0;196;0.279;0.001;9.61e-05;0.47434;0.447
0;197;0.277;0.001;9.66e-05;0.60417;0.447
0;198;0.28;0.001;9.7e-05;0.55674;0.449
0;199;0.277;0.001;9.75e-05;1.03678;0.448
0;200;0.269;0.001;9.8e-05;0.42455;0.45
0;201;0.286;0.0;9.85e-05;0.68056;0.451
0;202;0.265;0.0;9.9e-05;0.99807;0.449
1;0;0.154;0.035;9.95e-05;0.61612;0.494
1;1;0.268;0.001;5e-07;0.72188;0.543
1;2;0.276;0.001;1e-06;0.76636;0.535
1;3;0.284;0.001;1.5e-06;0.65154;0.523
1;4;0.291;0.001;2e-06;0.6531;0.553
1;5;0.274;0.001;2.5e-06;0.57028;0.541
1;6;0.277;0.001;3e-06;0.95487;0.531
1;7;0.284;0.0;3.4e-06;0.6277;0.553
1;8;0.281;0.001;3.9e-06;0.55222;0.553
1;9;0.279;0.0;4.4e-06;0.51567;0.563
1;10;0.283;0.001;4.9e-06;0.77327;0.559
1;11;0.283;0.001;5.4e-06;0.55634;0.558
1;12;0.278;0.0;5.9e-06;0.65448;0.561
1;13;0.278;0.001;6.4e-06;0.76474;0.558
1;14;0.281;0.001;6.9e-06;0.67385;0.557
1;15;0.281;0.001;7.4e-06;0.4892;0.559
1;16;0.281;0.0;7.9e-06;0.63226;0.565
1;17;0.277;0.0;8.4e-06;0.48381;0.569
1;18;0.28;0.0;8.9e-06;0.93818;0.563
1;19;0.282;0.001;9.4e-06;0.7205;0.566
1;20;0.278;0.001;9.9e-06;0.41708;0.577
1;21;0.278;0.001;1.03e-05;0.98269;0.57
1;22;0.28;0.001;1.08e-05;0.42856;0.575
1;23;0.283;0.001;1.13e-05;0.68341;0.574
1;24;0.279;0.001;1.18e-05;0.60055;0.575
1;25;0.277;0.0;1.23e-05;0.6943;0.58
1;26;0.282;0.0;1.28e-05;0.74743;0.574
1;27;0.28;0.001;1.33e-05;0.87115;0.57
1;28;0.279;0.0;1.38e-05;0.55692;0.574
1;29;0.278;0.001;1.43e-05;0.49293;0.58
1;30;0.28;0.001;1.48e-05;0.78334;0.58
1;31;0.283;0.0;1.53e-05;0.80258;0.575
1;32;0.279;0.001;1.58e-05;0.43337;0.579
1;33;0.281;0.001;1.63e-05;0.5472;0.586
1;34;0.278;0.0;1.67e-05;0.65476;0.589
1;35;0.28;0.0;1.72e-05;0.46062;0.593
1;36;0.28;0.0;1.77e-05;0.5326;0.596
1;37;0.279;0.001;1.82e-05;0.5132;0.597
1;38;0.28;0.0;1.87e-05;0.36454;0.601
1;39;0.283;0.001;1.92e-05;0.78575;0.599
1;40;0.279;0.001;1.97e-05;0.45754;0.601
1;41;0.279;0.0;2.02e-05;0.72283;0.597
1;42;0.28;0.0;2.07e-05;0.81279;0.594
1;43;0.282;0.001;2.12e-05;0.6387;0.592
1;44;0.28;0.0;2.17e-05;0.61945;0.594
1;45;0.278;0.0;2.22e-05;0.70146;0.592
1;46;0.281;0.0;2.27e-05;0.7128;0.592
1;47;0.282;0.0;2.32e-05;0.7909;0.591
1;48;0.28;0.001;2.36e-05;0.68646;0.592
1;49;0.278;0.001;2.41e-05;0.42418;0.594
1;50;0.282;0.001;2.46e-05;0.45808;0.597
1;51;0.278;0.001;2.51e-05;0.53835;0.597
1;52;0.282;0.001;2.56e-05;0.75685;0.597
1;53;0.277;0.001;2.61e-05;0.68665;0.598
1;54;0.283;0.001;2.66e-05;0.23904;0.605
1;55;0.28;0.0;2.71e-05;0.59767;0.606
1;56;0.285;0.0;2.76e-05;0.41236;0.607
1;57;0.273;0.001;2.81e-05;0.51915;0.61
1;58;0.282;0.0;2.86e-05;0.80396;0.606
1;59;0.28;0.001;2.91e-05;0.66835;0.606
1;60;0.278;0.001;2.96e-05;0.63936;0.607
1;61;0.278;0.001;3e-05;0.70531;0.606
1;62;0.28;0.0;3.05e-05;0.73235;0.605
1;63;0.283;0.001;3.1e-05;0.41645;0.608
1;64;0.277;0.001;3.15e-05;0.52733;0.611
1;65;0.279;0.0;3.2e-05;0.63523;0.611
1;66;0.281;0.001;3.25e-05;0.46587;0.611
1;67;0.284;0.0;3.3e-05;0.40103;0.614
1;68;0.279;0.001;3.35e-05;0.41684;0.616
1;69;0.275;0.001;3.4e-05;0.49985;0.615
1;70;0.282;0.001;3.45e-05;0.59401;0.616
1;71;0.283;0.0;3.5e-05;0.6193;0.617
1;72;0.281;0.0;3.55e-05;0.37006;0.62
1;73;0.274;0.001;3.6e-05;0.66417;0.619
1;74;0.278;0.001;3.65e-05;0.85943;0.617
1;75;0.283;0.0;3.69e-05;0.77267;0.616
1;76;0.278;0.0;3.74e-05;0.7824;0.614
1;77;0.28;0.001;3.79e-05;0.60575;0.615
1;78;0.28;0.001;3.84e-05;0.4192;0.616
1;79;0.28;0.0;3.89e-05;0.56881;0.617
1;80;0.28;0.001;3.94e-05;0.61441;0.617
1;81;0.281;0.0;3.99e-05;0.57682;0.616
1;82;0.279;0.001;4.04e-05;0.71369;0.615
1;83;0.282;0.0;4.09e-05;0.49612;0.616
1;84;0.282;0.001;4.14e-05;0.84559;0.614
1;85;0.281;0.001;4.19e-05;0.54053;0.614
1;86;0.279;0.001;4.24e-05;0.54877;0.616
1;87;0.279;0.0;4.29e-05;0.60095;0.616
1;88;0.28;0.0;4.33e-05;0.45435;0.616
1;89;0.28;0.001;4.38e-05;0.60523;0.617
1;90;0.28;0.0;4.43e-05;0.56404;0.619
1;91;0.279;0.001;4.48e-05;0.65512;0.618
1;92;0.283;0.001;4.53e-05;0.65715;0.618
1;93;0.281;0.0;4.58e-05;0.37877;0.619
1;94;0.283;0.001;4.63e-05;0.48025;0.619
1;95;0.277;0.001;4.68e-05;0.57556;0.621
1;96;0.28;0.0;4.73e-05;0.4051;0.622
1;97;0.281;0.001;4.78e-05;0.74319;0.622
1;98;0.277;0.0;4.83e-05;0.69577;0.622
1;99;0.284;0.0;4.88e-05;0.37334;0.624
1;100;0.275;0.001;4.93e-05;0.63739;0.624
1;101;0.279;0.001;4.98e-05;0.47978;0.625
1;102;0.278;0.001;5.02e-05;0.57783;0.626
1;103;0.28;0.0;5.07e-05;1.02567;0.624
1;104;0.281;0.001;5.12e-05;0.60962;0.625
1;105;0.281;0.001;5.17e-05;0.53681;0.625
1;106;0.269;0.001;5.22e-05;0.69519;0.624
1;107;0.288;0.001;5.27e-05;0.95347;0.622
1;108;0.283;0.001;5.32e-05;0.89892;0.621
1;109;0.278;0.001;5.37e-05;0.96031;0.619
1;110;0.278;0.001;5.42e-05;0.53472;0.619
1;111;0.28;0.0;5.47e-05;0.62383;0.619
1;112;0.285;0.001;5.52e-05;0.61395;0.619
1;113;0.283;0.0;5.57e-05;0.86717;0.617
1;114;0.279;0.0;5.62e-05;0.82385;0.616
1;115;0.28;0.001;5.67e-05;0.73182;0.616
1;116;0.284;0.001;5.71e-05;0.68611;0.616
1;117;0.281;0.001;5.76e-05;0.58332;0.615
1;118;0.28;0.001;5.81e-05;0.71379;0.614
1;119;0.281;0.0;5.86e-05;0.73483;0.614
1;120;0.278;0.001;5.91e-05;0.61203;0.614
1;121;0.279;0.001;5.96e-05;0.35459;0.615
1;122;0.281;0.001;6.01e-05;1.02481;0.614
1;123;0.282;0.0;6.06e-05;0.74842;0.613
1;124;0.28;0.0;6.11e-05;0.76701;0.613
1;125;0.279;0.0;6.16e-05;0.60045;0.613
1;126;0.281;0.001;6.21e-05;0.53924;0.613
1;127;0.282;0.0;6.26e-05;0.63981;0.613
1;128;0.282;0.001;6.31e-05;0.48888;0.613
1;129;0.282;0.0;6.35e-05;0.39256;0.615
1;130;0.282;0.001;6.4e-05;0.64492;0.614
1;131;0.282;0.0;6.45e-05;0.36904;0.615
1;132;0.282;0.0;6.5e-05;0.47327;0.615
1;133;0.28;0.0;6.55e-05;0.68359;0.615
1;134;0.28;0.001;6.6e-05;0.69307;0.615
1;135;0.279;0.001;6.65e-05;0.8744;0.613
1;136;0.281;0.001;6.7e-05;0.35975;0.614
1;137;0.278;0.0;6.75e-05;0.70162;0.614
1;138;0.281;0.001;6.8e-05;0.56852;0.615
1;139;0.281;0.001;6.85e-05;0.46733;0.616
1;140;0.28;0.001;6.9e-05;0.33627;0.618
1;141;0.279;0.0;6.95e-05;0.30791;0.62
1;142;0.28;0.0;7e-05;0.72273;0.62
1;143;0.28;0.001;7.04e-05;0.49912;0.62
1;144;0.281;0.001;7.09e-05;0.55251;0.621
1;145;0.278;0.001;7.14e-05;0.78701;0.621
1;146;0.28;0.001;7.19e-05;0.61818;0.621
1;147;0.282;0.0;7.24e-05;0.50127;0.622
1;148;0.279;0.001;7.29e-05;0.61915;0.622
1;149;0.28;0.0;7.34e-05;0.6692;0.622
1;150;0.282;0.001;7.39e-05;0.52092;0.623
1;151;0.286;0.001;7.44e-05;0.9142;0.621
1;152;0.282;0.001;7.49e-05;0.78225;0.62
1;153;0.28;0.0;7.54e-05;0.47031;0.621
1;154;0.285;0.0;7.59e-05;0.65582;0.621
1;155;0.284;0.001;7.64e-05;0.62862;0.621
1;156;0.282;0.001;7.68e-05;1.16477;0.619
1;157;0.283;0.001;7.73e-05;0.58106;0.619
1;158;0.279;0.001;7.78e-05;0.69705;0.62
1;159;0.28;0.0;7.83e-05;0.53607;0.621
1;160;0.28;0.001;7.88e-05;0.857;0.621
1;161;0.278;0.001;7.93e-05;0.85518;0.619
1;162;0.277;0.0;7.98e-05;0.62063;0.619
1;163;0.28;0.0;8.03e-05;0.50351;0.621
1;164;0.28;0.0;8.08e-05;0.84456;0.62
1;165;0.278;0.001;8.13e-05;0.89874;0.619
1;166;0.279;0.001;8.18e-05;0.3472;0.62
1;167;0.281;0.0;8.23e-05;0.70186;0.62
1;168;0.28;0.001;8.28e-05;0.41849;0.622
1;169;0.279;0.001;8.33e-05;0.8663;0.621
1;170;0.28;0.0;8.37e-05;0.76085;0.62
1;171;0.278;0.0;8.42e-05;1.1902;0.618
1;172;0.28;0.0;8.47e-05;0.5638;0.618
1;173;0.282;0.0;8.52e-05;0.65067;0.618
1;174;0.28;0.0;8.57e-05;1.00314;0.617
1;175;0.281;0.001;8.62e-05;0.69223;0.617
1;176;0.283;0.001;8.67e-05;0.62436;0.616
1;177;0.281;0.001;8.72e-05;0.75739;0.616
1;178;0.284;0.0;8.77e-05;0.52518;0.616
1;179;0.283;0.0;8.82e-05;0.91506;0.615
1;180;0.285;0.001;8.87e-05;0.70791;0.615
1;181;0.285;0.0;8.92e-05;0.52061;0.615
1;182;0.282;0.001;8.97e-05;0.43444;0.616
1;183;0.282;0.0;9.01e-05;0.62651;0.616
1;184;0.277;0.001;9.06e-05;0.37599;0.617
1;185;0.28;0.0;9.11e-05;0.8606;0.616
1;186;0.281;0.0;9.16e-05;0.49185;0.617
1;187;0.262;0.001;9.21e-05;0.95666;0.616
1;188;0.293;0.001;9.26e-05;0.71203;0.615
1;189;0.264;0.001;9.31e-05;0.66408;0.615
1;190;0.293;0.001;9.36e-05;0.93771;0.615
1;191;0.281;0.001;9.41e-05;0.58037;0.615
1;192;0.285;0.001;9.46e-05;0.71651;0.615
1;193;0.279;0.0;9.51e-05;0.75721;0.615
1;194;0.279;0.001;9.56e-05;0.68399;0.615
1;195;0.285;0.001;9.61e-05;0.43539;0.615
1;196;0.283;0.0;9.66e-05;0.76302;0.615
1;197;0.281;0.0;9.7e-05;0.50508;0.616
1;198;0.284;0.0;9.75e-05;0.27002;0.617
1;199;0.286;0.001;9.8e-05;0.39333;0.618
1;200;0.284;0.001;9.85e-05;0.43149;0.619
1;201;0.278;0.0;9.9e-05;1.51294;0.616
1;202;0.263;0.0;9.95e-05;1.47873;0.614
2;0;0.156;0.034;0.0001;0.55053;0.692
2;1;0.27;0.001;1e-06;1.04342;0.551
2;2;0.274;0.0;1.5e-06;0.38747;0.639
2;3;0.28;0.001;2e-06;0.38045;0.696
2;4;0.283;0.001;2.5e-06;1.07336;0.648
2;5;0.279;0.001;3e-06;0.7906;0.642
2;6;0.275;0.001;3.4e-06;0.74571;0.64
2;7;0.278;0.001;3.9e-06;0.6477;0.649
2;8;0.28;0.001;4.4e-06;0.83007;0.638
2;9;0.277;0.0;4.9e-06;0.78818;0.634
2;10;0.278;0.001;5.4e-06;0.82434;0.625
2;11;0.283;0.001;5.9e-06;0.42484;0.639
2;12;0.278;0.001;6.4e-06;0.67389;0.637
2;13;0.282;0.001;6.9e-06;0.652;0.637
2;14;0.28;0.0;7.4e-06;0.51676;0.647
2;15;0.28;0.001;7.9e-06;0.40571;0.655
2;16;0.28;0.001;8.4e-06;0.54399;0.657
2;17;0.281;0.001;8.9e-06;0.41104;0.668
2;18;0.278;0.0;9.4e-06;0.56867;0.671
2;19;0.278;0.001;9.9e-06;0.54772;0.674
2;20;0.288;0.001;1.03e-05;0.53101;0.674
2;21;0.273;0.001;1.08e-05;0.64161;0.672
2;22;0.282;0.0;1.13e-05;0.57274;0.674
2;23;0.279;0.001;1.18e-05;0.36011;0.68
2;24;0.28;0.001;1.23e-05;0.68016;0.68
2;25;0.285;0.001;1.28e-05;0.32445;0.686
2;26;0.28;0.0;1.33e-05;0.39438;0.691
2;27;0.279;0.001;1.38e-05;0.77648;0.687
2;28;0.28;0.001;1.43e-05;0.57784;0.688
2;29;0.284;0.001;1.48e-05;0.72932;0.685
2;30;0.284;0.001;1.53e-05;0.39152;0.689
2;31;0.277;0.0;1.58e-05;0.43131;0.692
2;32;0.278;0.001;1.63e-05;0.90777;0.686
2;33;0.284;0.001;1.67e-05;0.34618;0.69
2;34;0.282;0.001;1.72e-05;0.73986;0.687
2;35;0.282;0.001;1.77e-05;0.53289;0.689
2;36;0.284;0.0;1.82e-05;1.23199;0.682
2;37;0.284;0.001;1.87e-05;1.06452;0.675
2;38;0.282;0.001;1.92e-05;0.37254;0.677
2;39;0.282;0.001;1.97e-05;0.94577;0.674
2;40;0.288;0.001;2.02e-05;0.70836;0.673
2;41;0.284;0.0;2.07e-05;0.42239;0.674
2;42;0.283;0.0;2.12e-05;0.80224;0.67
2;43;0.285;0.001;2.17e-05;0.60967;0.67
2;44;0.285;0.0;2.22e-05;0.54087;0.67
2;45;0.286;0.001;2.27e-05;0.64045;0.671
2;46;0.285;0.001;2.32e-05;0.61713;0.67
2;47;0.283;0.0;2.36e-05;0.98072;0.664
2;48;0.284;0.0;2.41e-05;0.73025;0.663
2;49;0.286;0.001;2.46e-05;0.41066;0.665
2;50;0.284;0.001;2.51e-05;0.82813;0.661
2;51;0.29;0.0;2.56e-05;0.5341;0.662
2;52;0.287;0.001;2.61e-05;0.31853;0.666
2;53;0.289;0.0;2.66e-05;0.57532;0.665
2;54;0.287;0.001;2.71e-05;0.7358;0.663
2;55;0.287;0.001;2.76e-05;0.5725;0.663
2;56;0.289;0.001;2.81e-05;0.68107;0.661
2;57;0.289;0.0;2.86e-05;0.6842;0.66
2;58;0.296;0.001;2.91e-05;0.63876;0.658
2;59;0.284;0.001;2.96e-05;0.45407;0.659
2;60;0.29;0.001;3e-05;0.57844;0.659
2;61;0.286;0.001;3.05e-05;0.43168;0.66
2;62;0.289;0.0;3.1e-05;0.51145;0.659
2;63;0.288;0.001;3.15e-05;0.4684;0.661
2;64;0.289;0.0;3.2e-05;0.47697;0.661
2;65;0.287;0.0;3.25e-05;0.55588;0.66
2;66;0.286;0.001;3.3e-05;0.50442;0.66
2;67;0.292;0.001;3.35e-05;0.80421;0.66
2;68;0.287;0.001;3.4e-05;0.58062;0.659
2;69;0.289;0.001;3.45e-05;0.5678;0.66
2;70;0.289;0.001;3.5e-05;0.46559;0.659
2;71;0.287;0.001;3.55e-05;0.46819;0.661
2;72;0.291;0.0;3.6e-05;0.40845;0.662
2;73;0.287;0.001;3.65e-05;0.35114;0.664
2;74;0.289;0.0;3.69e-05;0.42263;0.665
2;75;0.288;0.001;3.74e-05;0.53353;0.665
2;76;0.288;0.001;3.79e-05;0.66052;0.663
2;77;0.288;0.001;3.84e-05;0.45369;0.664
2;78;0.287;0.001;3.89e-05;0.63551;0.663
2;79;0.287;0.001;3.94e-05;0.51197;0.663
2;80;0.284;0.001;3.99e-05;0.38952;0.665
2;81;0.287;0.001;4.04e-05;0.35819;0.667
2;82;0.289;0.0;4.09e-05;0.4609;0.669
2;83;0.287;0.001;4.14e-05;0.63541;0.669
2;84;0.285;0.001;4.19e-05;0.27427;0.671
2;85;0.289;0.001;4.24e-05;0.6863;0.67
2;86;0.29;0.001;4.29e-05;0.56566;0.669
2;87;0.286;0.001;4.33e-05;0.73491;0.669
2;88;0.288;0.001;4.38e-05;0.38851;0.67
2;89;0.288;0.001;4.43e-05;0.79338;0.668
2;90;0.291;0.001;4.48e-05;0.8069;0.667
2;91;0.29;0.001;4.53e-05;0.40835;0.668
2;92;0.291;0.0;4.58e-05;0.38055;0.669
2;93;0.292;0.001;4.63e-05;0.64896;0.669
2;94;0.286;0.001;4.68e-05;0.47592;0.668
2;95;0.296;0.001;4.73e-05;0.59056;0.667
2;96;0.29;0.0;4.78e-05;0.5689;0.667
2;97;0.293;0.001;4.83e-05;0.67476;0.666
2;98;0.292;0.001;4.88e-05;0.84216;0.664
2;99;0.292;0.001;4.93e-05;0.58918;0.663
2;100;0.295;0.001;4.98e-05;0.68626;0.663
2;101;0.293;0.001;5.02e-05;0.50073;0.663
2;102;0.292;0.0;5.07e-05;0.515;0.663
2;103;0.293;0.001;5.12e-05;0.77979;0.662
2;104;0.29;0.001;5.17e-05;0.61927;0.661
2;105;0.294;0.001;5.22e-05;0.44996;0.662
2;106;0.289;0.001;5.27e-05;0.54923;0.663
2;107;0.29;0.0;5.32e-05;0.61817;0.663
2;108;0.292;0.001;5.37e-05;0.46502;0.664
2;109;0.289;0.001;5.42e-05;0.42192;0.665
2;110;0.292;0.0;5.47e-05;0.53283;0.665
2;111;0.29;0.001;5.52e-05;0.48366;0.665
2;112;0.292;0.0;5.57e-05;0.57136;0.666
2;113;0.292;0.001;5.62e-05;0.52814;0.666
2;114;0.287;0.001;5.67e-05;0.45297;0.666
2;115;0.29;0.001;5.71e-05;0.3264;0.667
2;116;0.291;0.001;5.76e-05;0.40778;0.668
2;117;0.289;0.0;5.81e-05;0.58235;0.668
2;118;0.292;0.0;5.86e-05;0.52998;0.669
2;119;0.289;0.001;5.91e-05;0.45716;0.67
2;120;0.296;0.001;5.96e-05;0.47886;0.67
2;121;0.292;0.001;6.01e-05;0.79092;0.669
2;122;0.289;0.001;6.06e-05;0.49154;0.669
2;123;0.287;0.0;6.11e-05;0.47948;0.67
2;124;0.293;0.0;6.16e-05;0.56568;0.67
2;125;0.29;0.001;6.21e-05;0.50867;0.67
2;126;0.288;0.001;6.26e-05;0.39894;0.67
2;127;0.291;0.001;6.31e-05;0.41275;0.672
2;128;0.291;0.0;6.35e-05;0.38017;0.672
2;129;0.292;0.0;6.4e-05;0.38195;0.673
2;130;0.291;0.001;6.45e-05;0.47818;0.674
2;131;0.295;0.001;6.5e-05;0.62266;0.674
2;132;0.294;0.001;6.55e-05;0.37776;0.675
2;133;0.287;0.001;6.6e-05;0.73631;0.674
2;134;0.288;0.001;6.65e-05;0.46966;0.675
2;135;0.289;0.001;6.7e-05;0.49501;0.675
2;136;0.289;0.0;6.75e-05;0.34037;0.676
2;137;0.291;0.001;6.8e-05;0.65114;0.675
2;138;0.288;0.001;6.85e-05;0.37875;0.676
2;139;0.289;0.0;6.9e-05;0.56162;0.677
2;140;0.285;0.001;6.95e-05;0.34148;0.678
2;141;0.288;0.0;7e-05;0.64488;0.679
2;142;0.288;0.0;7.04e-05;0.43928;0.68
2;143;0.284;0.001;7.09e-05;0.76206;0.679
2;144;0.289;0.001;7.14e-05;0.46837;0.679
2;145;0.288;0.0;7.19e-05;0.48075;0.679
2;146;0.29;0.001;7.24e-05;0.28366;0.68
2;147;0.286;0.001;7.29e-05;0.71312;0.68
2;148;0.284;0.001;7.34e-05;0.78875;0.678
2;149;0.291;0.001;7.39e-05;0.56109;0.679
2;150;0.284;0.001;7.44e-05;0.60851;0.678
2;151;0.286;0.001;7.49e-05;0.83918;0.678
2;152;0.288;0.001;7.54e-05;0.52277;0.678
2;153;0.289;0.001;7.59e-05;0.33433;0.679
2;154;0.289;0.0;7.64e-05;0.41041;0.68
2;155;0.292;0.0;7.68e-05;0.73247;0.679
2;156;0.289;0.001;7.73e-05;0.76971;0.678
2;157;0.289;0.0;7.78e-05;0.25725;0.679
2;158;0.29;0.001;7.83e-05;0.40148;0.679
2;159;0.294;0.001;7.88e-05;0.3732;0.679
2;160;0.292;0.001;7.93e-05;0.70692;0.679
2;161;0.288;0.0;7.98e-05;0.64125;0.679
2;162;0.293;0.001;8.03e-05;0.44541;0.679
2;163;0.29;0.0;8.08e-05;0.88767;0.678
2;164;0.287;0.001;8.13e-05;0.28187;0.679
2;165;0.287;0.0;8.18e-05;0.84735;0.678
2;166;0.287;0.0;8.23e-05;0.971;0.676
2;167;0.289;0.001;8.28e-05;0.79938;0.676
2;168;0.287;0.001;8.33e-05;0.43076;0.676
2;169;0.287;0.001;8.37e-05;0.59273;0.677
2;170;0.289;0.001;8.42e-05;1.05316;0.675
2;171;0.288;0.0;8.47e-05;0.65355;0.675
2;172;0.287;0.0;8.52e-05;0.48509;0.675
2;173;0.284;0.0;8.57e-05;0.54936;0.675
2;174;0.287;0.0;8.62e-05;0.86656;0.674
2;175;0.29;0.001;8.67e-05;0.55393;0.674
2;176;0.283;0.0;8.72e-05;0.84679;0.673
2;177;0.288;0.0;8.77e-05;0.8225;0.673
2;178;0.289;0.0;8.82e-05;0.55631;0.673
2;179;0.287;0.001;8.87e-05;0.47032;0.673
2;180;0.287;0.001;8.92e-05;0.61555;0.673
2;181;0.289;0.0;8.97e-05;0.51994;0.674
2;182;0.288;0.001;9.01e-05;0.68156;0.673
2;183;0.288;0.001;9.06e-05;0.51085;0.673
2;184;0.287;0.0;9.11e-05;0.6873;0.673
2;185;0.293;0.001;9.16e-05;0.40935;0.674
2;186;0.282;0.001;9.21e-05;0.33702;0.675
2;187;0.285;0.0;9.26e-05;0.54154;0.674
2;188;0.295;0.001;9.31e-05;0.70834;0.674
2;189;0.286;0.001;9.36e-05;0.38022;0.675
2;190;0.286;0.001;9.41e-05;0.44859;0.675
2;191;0.288;0.001;9.46e-05;0.44938;0.675
2;192;0.295;0.001;9.51e-05;0.49739;0.675
2;193;0.283;0.001;9.56e-05;0.31399;0.676
2;194;0.284;0.001;9.61e-05;0.50656;0.676
2;195;0.288;0.0;9.66e-05;0.46782;0.676
2;196;0.287;0.0;9.7e-05;0.95439;0.675
2;197;0.286;0.0;9.75e-05;0.30331;0.676
2;198;0.288;0.001;9.8e-05;0.69416;0.675
2;199;0.286;0.001;9.85e-05;0.41429;0.675
2;200;0.285;0.001;9.9e-05;0.73196;0.675
2;201;0.292;0.0;9.95e-05;0.41448;0.675
2;202;0.272;0.0;0.0001;0.77397;0.675
3;0;0.155;0.033;0.0001005;0.28594;0.847
3;1;0.276;0.001;1.5e-06;0.52667;0.756
3;2;0.279;0.001;2e-06;0.51031;0.759
3;3;0.286;0.001;2.5e-06;0.51341;0.753
3;4;0.292;0.0;3e-06;0.48103;0.748
3;5;0.284;0.001;3.4e-06;0.42893;0.751
3;6;0.284;0.001;3.9e-06;0.49805;0.745
3;7;0.339;0.001;4.4e-06;0.61456;0.725
3;8;0.242;0.001;4.9e-06;0.59157;0.713
3;9;0.282;0.0;5.4e-06;0.46805;0.717
3;10;0.285;0.001;5.9e-06;0.55106;0.718
3;11;0.289;0.001;6.4e-06;0.44315;0.724
3;12;0.283;0.001;6.9e-06;0.58614;0.718
3;13;0.283;0.0;7.4e-06;0.32463;0.727
3;14;0.29;0.0;7.9e-06;0.31959;0.734
3;15;0.287;0.001;8.4e-06;0.33658;0.74
3;16;0.284;0.001;8.9e-06;0.47498;0.741
3;17;0.285;0.001;9.4e-06;0.51242;0.741
3;18;0.289;0.0;9.9e-06;0.52325;0.739
3;19;0.285;0.001;1.03e-05;0.3213;0.742
3;20;0.284;0.001;1.08e-05;0.55354;0.739
3;21;0.287;0.001;1.13e-05;0.35257;0.741
3;22;0.287;0.001;1.18e-05;0.39352;0.744
3;23;0.284;0.001;1.23e-05;0.30244;0.747
3;24;0.287;0.001;1.28e-05;0.71823;0.742
3;25;0.285;0.001;1.33e-05;0.66071;0.736
3;26;0.284;0.001;1.38e-05;0.52859;0.735
3;27;0.282;0.0;1.43e-05;0.45595;0.735
3;28;0.288;0.0;1.48e-05;0.59378;0.733
3;29;0.29;0.001;1.53e-05;0.44322;0.733
3;30;0.281;0.001;1.58e-05;0.64684;0.73
3;31;0.286;0.001;1.63e-05;0.43995;0.73
3;32;0.288;0.001;1.67e-05;0.3342;0.734
3;33;0.283;0.001;1.72e-05;0.4944;0.732
3;34;0.284;0.0;1.77e-05;0.53712;0.73
3;35;0.287;0.001;1.82e-05;0.38119;0.734
3;36;0.291;0.001;1.87e-05;0.70371;0.729
3;37;0.285;0.001;1.92e-05;0.40572;0.73
3;38;0.286;0.001;1.97e-05;0.25229;0.734
3;39;0.287;0.0;2.02e-05;0.33069;0.738
3;40;0.285;0.001;2.07e-05;0.41295;0.739
3;41;0.29;0.0;2.12e-05;0.41503;0.738
3;42;0.285;0.0;2.17e-05;0.42949;0.739
3;43;0.289;0.001;2.22e-05;0.4445;0.74
3;44;0.288;0.0;2.27e-05;0.5224;0.739
3;45;0.284;0.0;2.32e-05;0.48826;0.739
3;46;0.288;0.001;2.36e-05;0.31638;0.741
3;47;0.287;0.001;2.41e-05;0.69146;0.739
3;48;0.283;0.001;2.46e-05;0.45481;0.738
3;49;0.286;0.001;2.51e-05;0.44426;0.738
3;50;0.286;0.001;2.56e-05;0.52396;0.738
3;51;0.284;0.001;2.61e-05;0.54511;0.738
3;52;0.29;0.001;2.66e-05;0.40711;0.738
3;53;0.283;0.001;2.71e-05;0.30331;0.739
3;54;0.289;0.0;2.76e-05;0.72635;0.736
3;55;0.281;0.0;2.81e-05;0.73596;0.733
3;56;0.286;0.001;2.86e-05;0.43491;0.733
3;57;0.288;0.0;2.91e-05;0.32249;0.736
3;58;0.279;0.0;2.96e-05;0.62686;0.734
3;59;0.285;0.0;3e-05;0.33164;0.737
3;60;0.285;0.001;3.05e-05;0.40716;0.737
3;61;0.287;0.0;3.1e-05;0.40116;0.738
3;62;0.282;0.001;3.15e-05;0.47228;0.737
3;63;0.284;0.0;3.2e-05;0.63755;0.735
3;64;0.285;0.001;3.25e-05;0.58088;0.735
3;65;0.29;0.001;3.3e-05;0.35757;0.735
3;66;0.284;0.001;3.35e-05;0.36459;0.737
3;67;0.286;0.0;3.4e-05;0.33903;0.737
3;68;0.286;0.001;3.45e-05;0.68708;0.735
3;69;0.288;0.001;3.5e-05;0.56954;0.735
3;70;0.284;0.001;3.55e-05;0.30267;0.736
3;71;0.288;0.001;3.6e-05;0.46403;0.736
3;72;0.287;0.0;3.65e-05;0.62501;0.736
3;73;0.284;0.001;3.69e-05;0.28802;0.736
3;74;0.288;0.0;3.74e-05;0.57505;0.735
3;75;0.288;0.001;3.79e-05;0.39774;0.736
3;76;0.285;0.0;3.84e-05;0.54052;0.736
3;77;0.286;0.0;3.89e-05;0.57212;0.735
3;78;0.288;0.001;3.94e-05;0.69014;0.733
3;79;0.289;0.001;3.99e-05;0.39277;0.734
3;80;0.289;0.001;4.04e-05;0.43892;0.734
3;81;0.287;0.0;4.09e-05;0.61487;0.733
3;82;0.287;0.0;4.14e-05;0.44325;0.733
3;83;0.29;0.001;4.19e-05;0.33553;0.734
3;84;0.287;0.0;4.24e-05;0.43093;0.734
3;85;0.289;0.0;4.29e-05;0.5531;0.734
3;86;0.287;0.0;4.33e-05;0.50252;0.734
3;87;0.29;0.001;4.38e-05;0.76047;0.733
3;88;0.283;0.0;4.43e-05;0.41959;0.733
3;89;0.284;0.001;4.48e-05;0.36329;0.734
3;90;0.285;0.001;4.53e-05;0.49875;0.734
3;91;0.287;0.0;4.58e-05;0.37375;0.736
3;92;0.285;0.0;4.63e-05;0.41054;0.736
3;93;0.285;0.001;4.68e-05;0.38599;0.737
3;94;0.287;0.0;4.73e-05;0.40006;0.737
3;95;0.286;0.001;4.78e-05;0.53903;0.737
3;96;0.288;0.0;4.83e-05;0.43706;0.738
3;97;0.286;0.001;4.88e-05;0.57317;0.737
3;98;0.287;0.001;4.93e-05;0.36067;0.738
3;99;0.284;0.001;4.98e-05;0.43614;0.738
3;100;0.291;0.0;5.02e-05;0.55087;0.738
3;101;0.286;0.0;5.07e-05;0.40095;0.737
3;102;0.285;0.001;5.12e-05;0.66124;0.737
3;103;0.288;0.0;5.17e-05;0.32051;0.738
3;104;0.283;0.001;5.22e-05;0.39604;0.739
3;105;0.286;0.001;5.27e-05;0.43624;0.739
3;106;0.287;0.001;5.32e-05;0.35603;0.739
3;107;0.289;0.0;5.37e-05;0.44635;0.74
3;108;0.287;0.001;5.42e-05;0.6832;0.738
3;109;0.289;0.001;5.47e-05;0.3159;0.739
3;110;0.287;0.001;5.52e-05;0.43502;0.739
3;111;0.288;0.001;5.57e-05;0.41612;0.739
3;112;0.291;0.001;5.62e-05;0.35188;0.739
3;113;0.291;0.001;5.67e-05;0.43813;0.739
3;114;0.29;0.0;5.71e-05;0.58613;0.738
3;115;0.289;0.0;5.76e-05;0.52997;0.738
3;116;0.288;0.001;5.81e-05;0.72777;0.737
3;117;0.288;0.0;5.86e-05;0.36585;0.738
3;118;0.287;0.001;5.91e-05;0.2489;0.739
3;119;0.291;0.001;5.96e-05;0.38552;0.739
3;120;0.293;0.001;6.01e-05;0.34375;0.74
3;121;0.287;0.0;6.06e-05;0.39201;0.74
3;122;0.29;0.001;6.11e-05;0.41705;0.741
3;123;0.292;0.0;6.16e-05;0.44445;0.741
3;124;0.29;0.0;6.21e-05;0.31579;0.742
3;125;0.289;0.0;6.26e-05;0.27691;0.742
3;126;0.29;0.001;6.31e-05;0.65686;0.741
3;127;0.292;0.0;6.35e-05;0.59602;0.741
3;128;0.29;0.0;6.4e-05;0.65067;0.74
3;129;0.288;0.0;6.45e-05;0.702;0.739
3;130;0.293;0.001;6.5e-05;0.64376;0.738
3;131;0.29;0.0;6.55e-05;0.4573;0.738
3;132;0.292;0.001;6.6e-05;0.47839;0.738
3;133;0.29;0.0;6.65e-05;0.41879;0.738
3;134;0.294;0.0;6.7e-05;0.47888;0.737
3;135;0.289;0.001;6.75e-05;0.62441;0.737
3;136;0.29;0.001;6.8e-05;0.40662;0.737
3;137;0.29;0.001;6.85e-05;0.51818;0.736
3;138;0.29;0.001;6.9e-05;0.28578;0.737
3;139;0.293;0.001;6.95e-05;0.37632;0.738
3;140;0.29;0.001;7e-05;0.38299;0.738
3;141;0.292;0.001;7.04e-05;0.52496;0.738
3;142;0.294;0.0;7.09e-05;0.67331;0.737
3;143;0.289;0.0;7.14e-05;0.43125;0.736
3;144;0.29;0.0;7.19e-05;0.41469;0.737
3;145;0.291;0.001;7.24e-05;0.32778;0.737
3;146;0.292;0.001;7.29e-05;0.52023;0.737
3;147;0.295;0.001;7.34e-05;0.43758;0.737
3;148;0.293;0.001;7.39e-05;0.71735;0.736
3;149;0.297;0.001;7.44e-05;0.56377;0.736
3;150;0.29;0.001;7.49e-05;0.40273;0.736
3;151;0.295;0.0;7.54e-05;0.59404;0.736
3;152;0.296;0.0;7.59e-05;0.55957;0.735
3;153;0.29;0.001;7.64e-05;0.52651;0.735
3;154;0.292;0.001;7.68e-05;0.49704;0.735
3;155;0.287;0.0;7.73e-05;0.35829;0.736
3;156;0.29;0.001;7.78e-05;0.82447;0.735
3;157;0.285;0.001;7.83e-05;0.66801;0.734
3;158;0.287;0.001;7.88e-05;0.46124;0.735
3;159;0.287;0.001;7.93e-05;0.30998;0.736
3;160;0.286;0.001;7.98e-05;0.37583;0.736
3;161;0.288;0.001;8.03e-05;0.61737;0.735
3;162;0.287;0.0;8.08e-05;0.48624;0.735
3;163;0.287;0.0;8.13e-05;0.68033;0.735
3;164;0.289;0.001;8.18e-05;0.33518;0.735
3;165;0.287;0.001;8.23e-05;0.44891;0.736
3;166;0.288;0.0;8.28e-05;0.25013;0.736
3;167;0.291;0.001;8.33e-05;0.66898;0.736
3;168;0.29;0.001;8.37e-05;0.681;0.735
3;169;0.288;0.001;8.42e-05;0.93881;0.733
3;170;0.279;0.001;8.47e-05;0.66437;0.733
3;171;0.294;0.001;8.52e-05;0.78663;0.732
3;172;0.289;0.001;8.57e-05;0.66337;0.732
3;173;0.286;0.001;8.62e-05;0.53435;0.731
3;174;0.286;0.0;8.67e-05;0.4769;0.731
3;175;0.291;0.001;8.72e-05;0.77109;0.73
3;176;0.292;0.001;8.77e-05;1.02804;0.729
3;177;0.281;0.0;8.82e-05;1.2047;0.726
3;178;0.291;0.0;8.87e-05;0.98046;0.725
3;179;0.294;0.001;8.92e-05;1.16953;0.723
3;180;0.292;0.001;8.97e-05;0.47399;0.723
3;181;0.288;0.001;9.01e-05;0.61128;0.722
3;182;0.29;0.001;9.06e-05;0.70799;0.722
3;183;0.297;0.001;9.11e-05;1.15978;0.719
3;184;0.292;0.001;9.16e-05;0.6417;0.719
3;185;0.288;0.001;9.21e-05;0.74991;0.719
3;186;0.293;0.0;9.26e-05;0.51036;0.719
3;187;0.288;0.001;9.31e-05;0.52369;0.719
3;188;0.286;0.001;9.36e-05;0.49771;0.719
3;189;0.286;0.001;9.41e-05;0.5135;0.719
3;190;0.292;0.001;9.46e-05;0.76916;0.718
3;191;0.288;0.001;9.51e-05;0.72086;0.717
3;192;0.291;0.001;9.56e-05;1.21989;0.716
3;193;0.289;0.001;9.61e-05;0.71812;0.715
3;194;0.288;0.001;9.66e-05;0.70984;0.714
3;195;0.29;0.0;9.7e-05;0.70008;0.714
3;196;0.289;0.001;9.75e-05;0.61249;0.714
3;197;0.289;0.0;9.8e-05;0.60997;0.713
3;198;0.285;0.001;9.85e-05;0.75758;0.713
3;199;0.288;0.0;9.9e-05;0.33374;0.713
3;200;0.293;0.001;9.95e-05;0.64611;0.713
3;201;0.29;0.0;0.0001;0.42456;0.713
3;202;0.271;0.0;0.0001005;0.67955;0.713
4;0;0.158;0.033;0.000101;0.58944;0.619
4;1;0.278;0.001;2e-06;0.5222;0.666
4;2;0.288;0.0;2.5e-06;0.57767;0.694
4;3;0.291;0.001;3e-06;0.4795;0.698
4;4;0.299;0.001;3.4e-06;0.30773;0.724
4;5;0.29;0.001;3.9e-06;0.53566;0.714
4;6;0.287;0.001;4.4e-06;0.39282;0.724
4;7;0.296;0.001;4.9e-06;0.35881;0.738
4;8;0.293;0.001;5.4e-06;0.62991;0.732
4;9;0.29;0.001;5.9e-06;0.21984;0.743
4;10;0.291;0.001;6.4e-06;0.41435;0.75
4;11;0.294;0.001;6.9e-06;0.25446;0.759
4;12;0.298;0.001;7.4e-06;0.4634;0.76
4;13;0.283;0.001;7.9e-06;0.6023;0.753
4;14;0.295;0.0;8.4e-06;0.54272;0.748
4;15;0.293;0.0;8.9e-06;0.34382;0.75
4;16;0.291;0.001;9.4e-06;0.46564;0.748
4;17;0.292;0.001;9.9e-06;0.38454;0.752
4;18;0.292;0.001;1.03e-05;0.45708;0.754
4;19;0.294;0.001;1.08e-05;0.44337;0.752
4;20;0.293;0.001;1.13e-05;0.64862;0.747
4;21;0.293;0.001;1.18e-05;0.46935;0.747
4;22;0.294;0.0;1.23e-05;0.42261;0.752
4;23;0.296;0.001;1.28e-05;0.45288;0.753
4;24;0.291;0.001;1.33e-05;0.351;0.755
4;25;0.297;0.001;1.38e-05;0.36327;0.758
4;26;0.289;0.001;1.43e-05;0.37888;0.758
4;27;0.294;0.0;1.48e-05;0.58682;0.755
4;28;0.293;0.001;1.53e-05;0.51972;0.753
4;29;0.299;0.001;1.58e-05;0.53179;0.752
4;30;0.294;0.001;1.63e-05;0.68928;0.75
4;31;0.29;0.001;1.67e-05;0.35277;0.752
4;32;0.292;0.001;1.72e-05;0.328;0.753
4;33;0.295;0.001;1.77e-05;0.48121;0.751
4;34;0.294;0.0;1.82e-05;0.30583;0.753
4;35;0.292;0.0;1.87e-05;0.51622;0.752
4;36;0.295;0.001;1.92e-05;0.41672;0.752
4;37;0.291;0.001;1.97e-05;0.62345;0.749
4;38;0.298;0.001;2.02e-05;0.43249;0.749
4;39;0.296;0.001;2.07e-05;0.4687;0.749
4;40;0.294;0.001;2.12e-05;0.33579;0.749
4;41;0.295;0.0;2.17e-05;0.44846;0.748
4;42;0.3;0.001;2.22e-05;0.49761;0.746
4;43;0.299;0.001;2.27e-05;0.45428;0.745
4;44;0.297;0.0;2.32e-05;0.62384;0.742
4;45;0.299;0.001;2.36e-05;0.48955;0.741
4;46;0.3;0.001;2.41e-05;0.3649;0.742
4;47;0.3;0.0;2.46e-05;0.66431;0.739
4;48;0.298;0.001;2.51e-05;0.6311;0.736
4;49;0.3;0.001;2.56e-05;0.41611;0.737
4;50;0.3;0.001;2.61e-05;0.42823;0.737
4;51;0.298;0.001;2.66e-05;0.56532;0.736
4;52;0.295;0.001;2.71e-05;0.29506;0.738
4;53;0.291;0.001;2.76e-05;0.67036;0.736
4;54;0.298;0.001;2.81e-05;0.58873;0.734
4;55;0.294;0.001;2.86e-05;0.47618;0.734
4;56;0.292;0.0;2.91e-05;0.33437;0.735
4;57;0.295;0.0;2.96e-05;0.46972;0.736
4;58;0.295;0.001;3e-05;0.53845;0.735
4;59;0.292;0.0;3.05e-05;0.36999;0.737
4;60;0.295;0.001;3.1e-05;0.47786;0.736
4;61;0.294;0.001;3.15e-05;0.22688;0.738
4;62;0.296;0.0;3.2e-05;0.29012;0.74
4;63;0.291;0.001;3.25e-05;0.37264;0.741
4;64;0.294;0.001;3.3e-05;0.7165;0.738
4;65;0.293;0.001;3.35e-05;0.53455;0.739
4;66;0.293;0.0;3.4e-05;0.41336;0.738
4;67;0.292;0.001;3.45e-05;0.43252;0.738
4;68;0.294;0.0;3.5e-05;0.55423;0.738
4;69;0.293;0.001;3.55e-05;0.70326;0.735
4;70;0.293;0.001;3.6e-05;0.50474;0.735
4;71;0.292;0.0;3.65e-05;0.64829;0.734
4;72;0.291;0.001;3.69e-05;0.38686;0.735
4;73;0.293;0.001;3.74e-05;0.43883;0.735
4;74;0.292;0.001;3.79e-05;0.33528;0.736
4;75;0.293;0.001;3.84e-05;0.25687;0.738
4;76;0.292;0.001;3.89e-05;0.38954;0.738
4;77;0.292;0.0;3.94e-05;0.40484;0.739
4;78;0.292;0.001;3.99e-05;0.47902;0.739
4;79;0.292;0.001;4.04e-05;0.46554;0.739
4;80;0.291;0.001;4.09e-05;0.45005;0.739
4;81;0.293;0.001;4.14e-05;0.40203;0.739
4;82;0.292;0.001;4.19e-05;0.44121;0.74
4;83;0.294;0.0;4.24e-05;0.52258;0.74
4;84;0.291;0.001;4.29e-05;0.38608;0.74
4;85;0.293;0.001;4.33e-05;0.48411;0.74
4;86;0.295;0.001;4.38e-05;0.35722;0.74
4;87;0.29;0.001;4.43e-05;0.39087;0.741
4;88;0.292;0.001;4.48e-05;0.45203;0.741
4;89;0.29;0.001;4.53e-05;0.51344;0.741
4;90;0.289;0.001;4.58e-05;0.4526;0.741
4;91;0.292;0.0;4.63e-05;0.27017;0.742
4;92;0.291;0.001;4.68e-05;0.47449;0.742
4;93;0.294;0.0;4.73e-05;0.91755;0.739
4;94;0.289;0.0;4.78e-05;0.6186;0.739
4;95;0.295;0.001;4.83e-05;0.62549;0.738
4;96;0.288;0.0;4.88e-05;0.34995;0.738
4;97;0.291;0.0;4.93e-05;0.33618;0.739
4;98;0.291;0.001;4.98e-05;0.35835;0.74
4;99;0.294;0.0;5.02e-05;0.47969;0.741
4;100;0.295;0.001;5.07e-05;0.31977;0.741
4;101;0.286;0.001;5.12e-05;0.5322;0.742
4;102;0.296;0.001;5.17e-05;0.44244;0.743
4;103;0.286;0.0;5.22e-05;0.43578;0.743
4;104;0.292;0.0;5.27e-05;0.28768;0.743
4;105;0.292;0.001;5.32e-05;0.60623;0.742
4;106;0.292;0.0;5.37e-05;0.27028;0.744
4;107;0.295;0.001;5.42e-05;0.37932;0.744
4;108;0.292;0.0;5.47e-05;0.55616;0.744
4;109;0.291;0.001;5.52e-05;0.4197;0.744
4;110;0.294;0.001;5.57e-05;0.58462;0.743
4;111;0.291;0.0;5.62e-05;0.3398;0.743
4;112;0.29;0.0;5.67e-05;0.21923;0.745
4;113;0.289;0.0;5.71e-05;0.36932;0.745
4;114;0.292;0.0;5.76e-05;0.33624;0.745
4;115;0.293;0.0;5.81e-05;0.38045;0.746
4;116;0.289;0.0;5.86e-05;0.44107;0.746
4;117;0.294;0.0;5.91e-05;0.43874;0.746
4;118;0.292;0.001;5.96e-05;0.29903;0.747
4;119;0.293;0.001;6.01e-05;0.61824;0.746
4;120;0.292;0.001;6.06e-05;0.33428;0.746
4;121;0.292;0.001;6.11e-05;0.42474;0.746
4;122;0.293;0.001;6.16e-05;0.39785;0.746
4;123;0.292;0.0;6.21e-05;0.59537;0.745
4;124;0.294;0.001;6.26e-05;0.43462;0.745
4;125;0.294;0.001;6.31e-05;0.29426;0.746
4;126;0.29;0.001;6.35e-05;0.53825;0.746
4;127;0.293;0.001;6.4e-05;0.46117;0.746
4;128;0.294;0.001;6.45e-05;0.36919;0.747
4;129;0.29;0.001;6.5e-05;0.35409;0.747
4;130;0.293;0.001;6.55e-05;0.57007;0.747
4;131;0.288;0.001;6.6e-05;0.60848;0.746
4;132;0.288;0.0;6.65e-05;0.38273;0.747
4;133;0.29;0.001;6.7e-05;0.35037;0.747
4;134;0.291;0.001;6.75e-05;0.76568;0.747
4;135;0.292;0.0;6.8e-05;0.64544;0.746
4;136;0.292;0.001;6.85e-05;0.72174;0.745
4;137;0.287;0.001;6.9e-05;0.59441;0.745
4;138;0.291;0.0;6.95e-05;0.31477;0.745
4;139;0.288;0.0;7e-05;0.35724;0.745
4;140;0.289;0.001;7.04e-05;0.68609;0.745
4;141;0.288;0.0;7.09e-05;0.65384;0.744
4;142;0.288;0.001;7.14e-05;0.34564;0.744
4;143;0.291;0.0;7.19e-05;0.50062;0.744
4;144;0.29;0.001;7.24e-05;0.39936;0.744
4;145;0.289;0.0;7.29e-05;0.44101;0.744
4;146;0.289;0.001;7.34e-05;0.98926;0.742
4;147;0.29;0.0;7.39e-05;0.54869;0.742
4;148;0.294;0.001;7.44e-05;0.62505;0.741
4;149;0.291;0.0;7.49e-05;0.50673;0.741
4;150;0.293;0.001;7.54e-05;0.65174;0.741
4;151;0.295;0.0;7.59e-05;0.50234;0.741
4;152;0.29;0.0;7.64e-05;0.46865;0.741
4;153;0.292;0.001;7.68e-05;0.53468;0.741
4;154;0.291;0.001;7.73e-05;0.79343;0.74
4;155;0.29;0.001;7.78e-05;0.55745;0.739
4;156;0.293;0.001;7.83e-05;0.66465;0.738
4;157;0.288;0.001;7.88e-05;0.52288;0.738
4;158;0.289;0.0;7.93e-05;0.25362;0.739
4;159;0.291;0.001;7.98e-05;0.59703;0.738
4;160;0.291;0.001;8.03e-05;0.20616;0.739
4;161;0.284;0.0;8.08e-05;0.6311;0.739
4;162;0.289;0.001;8.13e-05;0.49301;0.739
4;163;0.293;0.001;8.18e-05;0.47022;0.738
4;164;0.288;0.0;8.23e-05;0.36743;0.739
4;165;0.292;0.0;8.28e-05;0.67908;0.738
4;166;0.29;0.0;8.33e-05;0.56834;0.737
4;167;0.294;0.001;8.37e-05;0.84867;0.736
4;168;0.294;0.001;8.42e-05;0.6831;0.735
4;169;0.291;0.0;8.47e-05;0.47542;0.735
4;170;0.297;0.001;8.52e-05;0.42456;0.735
4;171;0.295;0.001;8.57e-05;0.35957;0.735
4;172;0.295;0.001;8.62e-05;0.55437;0.735
4;173;0.291;0.001;8.67e-05;0.64965;0.734
4;174;0.294;0.001;8.72e-05;0.71655;0.734
4;175;0.293;0.001;8.77e-05;1.05925;0.732
4;176;0.285;0.001;8.82e-05;0.4567;0.732
4;177;0.288;0.001;8.87e-05;0.54831;0.732
4;178;0.29;0.0;8.92e-05;0.68056;0.731
4;179;0.287;0.0;8.97e-05;0.8699;0.73
4;180;0.286;0.001;9.01e-05;0.34418;0.73
4;181;0.288;0.001;9.06e-05;0.41478;0.73
4;182;0.287;0.001;9.11e-05;0.48798;0.73
4;183;0.291;0.0;9.16e-05;0.53024;0.73
4;184;0.29;0.001;9.21e-05;0.40221;0.73
4;185;0.289;0.0;9.26e-05;0.39717;0.73
4;186;0.293;0.001;9.31e-05;0.7596;0.729
4;187;0.29;0.001;9.36e-05;0.5399;0.729
4;188;0.291;0.0;9.41e-05;0.23224;0.73
4;189;0.288;0.0;9.46e-05;0.49326;0.729
4;190;0.286;0.001;9.51e-05;0.37681;0.73
4;191;0.288;0.001;9.56e-05;0.49885;0.73
4;192;0.289;0.001;9.61e-05;0.3136;0.731
4;193;0.282;0.001;9.66e-05;0.72244;0.73
4;194;0.285;0.0;9.7e-05;0.30754;0.731
4;195;0.285;0.0;9.75e-05;0.99893;0.729
4;196;0.287;0.0;9.8e-05;0.61703;0.729
4;197;0.285;0.001;9.85e-05;0.28454;0.73
4;198;0.291;0.001;9.9e-05;0.55274;0.729
4;199;0.286;0.001;9.95e-05;0.46494;0.73
4;200;0.286;0.001;0.0001;0.41817;0.73
4;201;0.291;0.0;0.0001005;0.44275;0.73
4;202;0.27;0.0;0.000101;0.5471;0.73
5;0;0.158;0.035;0.0001015;0.3861;0.852
5;1;0.279;0.001;2.5e-06;0.46113;0.778
5;2;0.282;0.001;3e-06;0.33831;0.806
5;3;0.289;0.001;3.4e-06;0.41627;0.808
5;4;0.295;0.001;3.9e-06;0.21606;0.827
5;5;0.286;0.001;4.4e-06;0.5278;0.812
5;6;0.287;0.001;4.9e-06;0.40782;0.809
5;7;0.29;0.001;5.4e-06;0.49963;0.8
5;8;0.293;0.0;5.9e-06;0.47555;0.793
5;9;0.287;0.001;6.4e-06;0.45989;0.789
5;10;0.285;0.001;6.9e-06;0.4483;0.785
5;11;0.29;0.001;7.4e-06;0.47855;0.784
5;12;0.287;0.001;7.9e-06;0.49902;0.782
5;13;0.287;0.0;8.4e-06;0.50227;0.776
5;14;0.288;0.001;8.9e-06;0.33629;0.78
5;15;0.288;0.001;9.4e-06;0.31885;0.782
5;16;0.289;0.0;9.9e-06;0.54572;0.779
5;17;0.287;0.0;1.03e-05;0.57577;0.774
5;18;0.298;0.001;1.08e-05;0.36601;0.777
5;19;0.278;0.0;1.13e-05;0.4296;0.777
5;20;0.29;0.001;1.18e-05;0.39564;0.779
5;21;0.289;0.0;1.23e-05;0.53393;0.774
5;22;0.291;0.0;1.28e-05;0.19081;0.778
5;23;0.291;0.0;1.33e-05;0.73032;0.77
5;24;0.293;0.0;1.38e-05;0.55964;0.766
5;25;0.288;0.001;1.43e-05;0.30692;0.769
5;26;0.291;0.001;1.48e-05;0.34576;0.771
5;27;0.286;0.001;1.53e-05;0.74537;0.764
5;28;0.288;0.001;1.58e-05;0.22308;0.767
5;29;0.295;0.001;1.63e-05;0.34301;0.77
5;30;0.292;0.001;1.67e-05;0.4042;0.77
5;31;0.291;0.001;1.72e-05;0.27276;0.772
5;32;0.293;0.001;1.77e-05;0.27072;0.773
5;33;0.291;0.001;1.82e-05;0.42398;0.774
5;34;0.291;0.0;1.87e-05;0.33336;0.775
5;35;0.29;0.001;1.92e-05;0.31855;0.777
5;36;0.289;0.001;1.97e-05;0.51574;0.775
5;37;0.291;0.0;2.02e-05;0.38332;0.776
5;38;0.287;0.0;2.07e-05;0.26681;0.777
5;39;0.29;0.0;2.12e-05;0.44994;0.776
5;40;0.294;0.0;2.17e-05;0.39181;0.777
5;41;0.294;0.0;2.22e-05;0.33965;0.776
5;42;0.287;0.001;2.27e-05;0.29266;0.778
5;43;0.293;0.0;2.32e-05;0.26489;0.781
5;44;0.29;0.001;2.36e-05;0.44394;0.78
5;45;0.291;0.0;2.41e-05;0.50248;0.779
5;46;0.289;0.0;2.46e-05;0.44807;0.779
5;47;0.288;0.001;2.51e-05;0.3946;0.778
5;48;0.292;0.0;2.56e-05;0.46888;0.778
5;49;0.289;0.001;2.61e-05;0.29595;0.779
5;50;0.293;0.001;2.66e-05;0.35965;0.778
5;51;0.289;0.001;2.71e-05;0.46488;0.777
5;52;0.29;0.0;2.76e-05;0.29416;0.778
5;53;0.293;0.0;2.81e-05;0.56919;0.776
5;54;0.293;0.0;2.86e-05;0.36745;0.776
5;55;0.289;0.001;2.91e-05;0.33081;0.777
5;56;0.296;0.0;2.96e-05;0.21203;0.778
5;57;0.296;0.001;3e-05;0.56735;0.777
5;58;0.284;0.0;3.05e-05;0.3084;0.778
5;59;0.294;0.0;3.1e-05;0.17277;0.779
5;60;0.292;0.001;3.15e-05;0.5487;0.779
5;61;0.294;0.001;3.2e-05;0.32433;0.779
5;62;0.288;0.001;3.25e-05;0.41417;0.779
5;63;0.293;0.001;3.3e-05;0.39968;0.779
5;64;0.291;0.001;3.35e-05;0.38016;0.779
5;65;0.29;0.0;3.4e-05;0.38724;0.779
5;66;0.293;0.001;3.45e-05;0.23226;0.78
5;67;0.288;0.001;3.5e-05;0.39259;0.781
5;68;0.292;0.001;3.55e-05;0.4123;0.78
5;69;0.288;0.0;3.6e-05;0.46545;0.779
5;70;0.292;0.001;3.65e-05;0.42288;0.779
5;71;0.288;0.001;3.69e-05;0.67561;0.776
5;72;0.29;0.0;3.74e-05;0.649;0.774
5;73;0.29;0.001;3.79e-05;0.23036;0.776
5;74;0.294;0.001;3.84e-05;0.43006;0.777
5;75;0.287;0.001;3.89e-05;0.28704;0.778
5;76;0.292;0.0;3.94e-05;0.66069;0.776
5;77;0.288;0.0;3.99e-05;0.54226;0.775
5;78;0.293;0.0;4.04e-05;0.42639;0.775
5;79;0.291;0.001;4.09e-05;0.31;0.776
5;80;0.293;0.001;4.14e-05;0.33133;0.777
5;81;0.29;0.0;4.19e-05;0.30714;0.777
5;82;0.293;0.0;4.24e-05;0.47237;0.777
5;83;0.295;0.001;4.29e-05;0.5201;0.776
5;84;0.288;0.001;4.33e-05;0.48333;0.776
5;85;0.29;0.0;4.38e-05;0.20612;0.778
5;86;0.289;0.001;4.43e-05;0.44822;0.778
5;87;0.292;0.001;4.48e-05;0.44277;0.777
5;88;0.29;0.001;4.53e-05;0.39622;0.777
5;89;0.291;0.001;4.58e-05;0.34572;0.778
5;90;0.291;0.001;4.63e-05;0.40643;0.778
5;91;0.291;0.001;4.68e-05;0.39511;0.779
5;92;0.291;0.0;4.73e-05;0.41697;0.778
5;93;0.29;0.001;4.78e-05;0.44832;0.778
5;94;0.294;0.0;4.83e-05;0.36391;0.778
5;95;0.291;0.001;4.88e-05;0.27355;0.779
5;96;0.294;0.001;4.93e-05;0.38239;0.779
5;97;0.29;0.0;4.98e-05;0.413;0.779
5;98;0.289;0.001;5.02e-05;0.60078;0.778
5;99;0.291;0.0;5.07e-05;0.43485;0.778
5;100;0.288;0.001;5.12e-05;0.45111;0.777
5;101;0.291;0.0;5.17e-05;0.55369;0.776
5;102;0.29;0.001;5.22e-05;0.10595;0.778
5;103;0.287;0.001;5.27e-05;0.51453;0.777
5;104;0.291;0.001;5.32e-05;0.31417;0.778
5;105;0.289;0.001;5.37e-05;0.75861;0.776
5;106;0.287;0.001;5.42e-05;0.49025;0.776
5;107;0.29;0.0;5.47e-05;0.44832;0.776
5;108;0.29;0.001;5.52e-05;0.66586;0.774
5;109;0.286;0.0;5.57e-05;0.38254;0.774
5;110;0.286;0.001;5.62e-05;0.24999;0.775
5;111;0.292;0.0;5.67e-05;0.32664;0.776
5;112;0.288;0.001;5.71e-05;0.35209;0.776
5;113;0.289;0.0;5.76e-05;0.32598;0.776
5;114;0.287;0.0;5.81e-05;0.44821;0.776
5;115;0.292;0.001;5.86e-05;0.39559;0.776
5;116;0.286;0.001;5.91e-05;0.49622;0.776
5;117;0.29;0.0;5.96e-05;0.52854;0.775
5;118;0.288;0.001;6.01e-05;0.2594;0.776
5;119;0.289;0.001;6.06e-05;0.56286;0.775
5;120;0.292;0.001;6.11e-05;0.26785;0.776
5;121;0.291;0.001;6.16e-05;0.37176;0.776
5;122;0.293;0.0;6.21e-05;0.221;0.777
5;123;0.29;0.001;6.26e-05;0.32285;0.778
5;124;0.292;0.001;6.31e-05;0.6414;0.776
5;125;0.294;0.001;6.35e-05;0.77081;0.775
5;126;0.291;0.001;6.4e-05;0.64637;0.774
5;127;0.288;0.001;6.45e-05;0.34325;0.774
5;128;0.292;0.001;6.5e-05;0.49029;0.774
5;129;0.296;0.001;6.55e-05;0.36983;0.774
5;130;0.292;0.001;6.6e-05;0.35205;0.774
5;131;0.291;0.001;6.65e-05;0.33899;0.774
5;132;0.291;0.0;6.7e-05;0.40942;0.774
5;133;0.295;0.001;6.75e-05;0.45695;0.773
5;134;0.292;0.0;6.8e-05;0.46593;0.773
5;135;0.293;0.0;6.85e-05;0.36039;0.773
5;136;0.29;0.001;6.9e-05;0.41339;0.773
5;137;0.293;0.0;6.95e-05;0.708;0.771
5;138;0.29;0.0;7e-05;0.5958;0.77
5;139;0.294;0.001;7.04e-05;0.31102;0.771
5;140;0.292;0.001;7.09e-05;0.38529;0.771
5;141;0.293;0.001;7.14e-05;0.38886;0.771
5;142;0.287;0.0;7.19e-05;0.41477;0.771
5;143;0.294;0.0;7.24e-05;0.68247;0.77
5;144;0.29;0.0;7.29e-05;0.4659;0.77
5;145;0.293;0.001;7.34e-05;0.45039;0.77
5;146;0.29;0.001;7.39e-05;0.70022;0.769
5;147;0.29;0.0;7.44e-05;0.48046;0.768
5;148;0.293;0.001;7.49e-05;0.53973;0.767
5;149;0.287;0.0;7.54e-05;0.64668;0.767
5;150;0.296;0.001;7.59e-05;0.37434;0.767
5;151;0.291;0.0;7.64e-05;0.34287;0.767
5;152;0.289;0.0;7.68e-05;0.33239;0.768
5;153;0.289;0.0;7.73e-05;0.37702;0.768
5;154;0.291;0.0;7.78e-05;0.39078;0.768
5;155;0.293;0.001;7.83e-05;0.32547;0.768
5;156;0.288;0.001;7.88e-05;0.40928;0.768
5;157;0.296;0.0;7.93e-05;0.30687;0.769
5;158;0.288;0.001;7.98e-05;0.40978;0.769
5;159;0.293;0.001;8.03e-05;0.35753;0.769
5;160;0.29;0.001;8.08e-05;0.56633;0.769
5;161;0.291;0.001;8.13e-05;0.39019;0.769
5;162;0.293;0.001;8.18e-05;0.5302;0.769
5;163;0.286;0.001;8.23e-05;0.49876;0.769
5;164;0.29;0.0;8.28e-05;0.21437;0.769
5;165;0.293;0.001;8.33e-05;0.75605;0.768
5;166;0.293;0.0;8.37e-05;0.3777;0.768
5;167;0.288;0.001;8.42e-05;0.31042;0.769
5;168;0.287;0.001;8.47e-05;0.44349;0.768
5;169;0.289;0.001;8.52e-05;0.72326;0.767
5;170;0.286;0.001;8.57e-05;0.36766;0.768
5;171;0.292;0.001;8.62e-05;0.46517;0.768
5;172;0.287;0.001;8.67e-05;0.37706;0.768
5;173;0.289;0.001;8.72e-05;0.42658;0.768
5;174;0.288;0.001;8.77e-05;0.35952;0.768
5;175;0.291;0.001;8.82e-05;0.34887;0.768
5;176;0.29;0.001;8.87e-05;0.40129;0.768
5;177;0.291;0.001;8.92e-05;0.46731;0.768
5;178;0.289;0.001;8.97e-05;0.22821;0.769
5;179;0.29;0.0;9.01e-05;0.63523;0.768
5;180;0.294;0.001;9.06e-05;0.39128;0.768
5;181;0.293;0.001;9.11e-05;0.56918;0.767
5;182;0.292;0.001;9.16e-05;0.52133;0.767
5;183;0.291;0.0;9.21e-05;0.29545;0.767
5;184;0.291;0.0;9.26e-05;0.38091;0.768
5;185;0.287;0.001;9.31e-05;0.54554;0.768
5;186;0.293;0.001;9.36e-05;0.54288;0.767
5;187;0.288;0.001;9.41e-05;0.40819;0.767
5;188;0.291;0.001;9.46e-05;0.45738;0.767
5;189;0.285;0.001;9.51e-05;0.42263;0.767
5;190;0.284;0.001;9.56e-05;0.60261;0.767
5;191;0.291;0.0;9.61e-05;0.58761;0.766
5;192;0.284;0.0;9.66e-05;0.46152;0.766
5;193;0.287;0.001;9.7e-05;0.18069;0.767
5;194;0.285;0.001;9.75e-05;0.39648;0.767
5;195;0.286;0.0;9.8e-05;0.416;0.767
5;196;0.284;0.001;9.85e-05;0.58043;0.767
5;197;0.288;0.001;9.9e-05;0.60223;0.767
5;198;0.289;0.0;9.95e-05;0.57432;0.766
5;199;0.285;0.0;0.0001;0.31149;0.767
5;200;0.289;0.001;0.0001005;0.43484;0.767
5;201;0.285;0.0;0.000101;0.46777;0.767
5;202;0.272;0.0;0.0001015;0.47709;0.767
6;0;0.158;0.034;0.000102;0.83508;0.574
6;1;0.279;0.001;3e-06;0.34629;0.685
6;2;0.284;0.001;3.4e-06;0.44082;0.7
6;3;0.29;0.001;3.9e-06;0.26518;0.745
6;4;0.295;0.001;4.4e-06;0.48464;0.751
6;5;0.286;0.001;4.9e-06;0.47643;0.747
6;6;0.289;0.001;5.4e-06;0.39219;0.751
6;7;0.295;0.001;5.9e-06;0.26121;0.769
6;8;0.287;0.0;6.4e-06;0.36098;0.77
6;9;0.285;0.0;6.9e-06;0.28042;0.776
6;10;0.286;0.001;7.4e-06;0.4243;0.776
6;11;0.291;0.001;7.9e-06;0.39779;0.776
6;12;0.287;0.001;8.4e-06;0.53474;0.77
6;13;0.286;0.001;8.9e-06;0.33509;0.773
6;14;0.285;0.001;9.4e-06;0.38771;0.772
6;15;0.29;0.001;9.9e-06;0.28388;0.775
6;16;0.286;0.001;1.03e-05;0.26301;0.782
6;17;0.289;0.001;1.08e-05;0.25753;0.786
6;18;0.285;0.0;1.13e-05;0.20898;0.795
6;19;0.29;0.001;1.18e-05;0.30809;0.796
6;20;0.287;0.001;1.23e-05;0.3717;0.795
6;21;0.289;0.001;1.28e-05;0.36862;0.794
6;22;0.292;0.001;1.33e-05;0.37952;0.794
6;23;0.289;0.001;1.38e-05;0.44297;0.793
6;24;0.287;0.0;1.43e-05;0.25355;0.796
6;25;0.291;0.001;1.48e-05;0.66272;0.788
6;26;0.289;0.001;1.53e-05;0.50383;0.786
6;27;0.294;0.0;1.58e-05;0.29558;0.787
6;28;0.29;0.0;1.63e-05;0.34788;0.787
6;29;0.289;0.001;1.67e-05;0.36081;0.789
6;30;0.287;0.001;1.72e-05;0.27305;0.791
6;31;0.287;0.0;1.77e-05;0.20271;0.794
6;32;0.286;0.001;1.82e-05;0.5141;0.791
6;33;0.29;0.0;1.87e-05;0.25539;0.792
6;34;0.29;0.001;1.92e-05;0.18186;0.796
6;35;0.292;0.001;1.97e-05;0.38403;0.796
6;36;0.29;0.001;2.02e-05;0.22915;0.798
6;37;0.285;0.001;2.07e-05;0.2129;0.802
6;38;0.292;0.001;2.12e-05;0.45181;0.801
6;39;0.288;0.001;2.17e-05;0.24015;0.803
6;40;0.288;0.001;2.22e-05;0.42367;0.801
6;41;0.29;0.001;2.27e-05;0.58417;0.798
6;42;0.292;0.0;2.32e-05;0.36488;0.797
6;43;0.293;0.0;2.36e-05;0.2156;0.799
6;44;0.291;0.0;2.41e-05;0.50422;0.799
6;45;0.291;0.0;2.46e-05;0.37343;0.798
6;46;0.289;0.001;2.51e-05;0.42203;0.798
6;47;0.29;0.001;2.56e-05;0.38313;0.799
6;48;0.29;0.001;2.61e-05;0.35466;0.8
6;49;0.289;0.0;2.66e-05;0.25481;0.801
6;50;0.288;0.001;2.71e-05;0.4515;0.8
6;51;0.288;0.0;2.76e-05;0.50468;0.799
6;52;0.291;0.001;2.81e-05;0.20076;0.801
6;53;0.29;0.001;2.86e-05;0.44799;0.8
6;54;0.289;0.0;2.91e-05;0.50259;0.799
6;55;0.288;0.001;2.96e-05;0.41702;0.798
6;56;0.294;0.001;3e-05;0.17815;0.799
6;57;0.289;0.001;3.05e-05;0.50482;0.798
6;58;0.289;0.001;3.1e-05;0.28905;0.798
6;59;0.29;0.0;3.15e-05;0.30185;0.8
6;60;0.291;0.001;3.2e-05;0.42156;0.799
6;61;0.29;0.001;3.25e-05;0.28245;0.8
6;62;0.29;0.0;3.3e-05;0.38415;0.8
6;63;0.288;0.001;3.35e-05;0.36119;0.8
6;64;0.288;0.001;3.4e-05;0.24934;0.801
6;65;0.287;0.0;3.45e-05;0.32502;0.801
6;66;0.29;0.0;3.5e-05;0.43763;0.801
6;67;0.292;0.001;3.55e-05;0.34045;0.802
6;68;0.292;0.001;3.6e-05;0.26851;0.802
6;69;0.288;0.001;3.65e-05;0.44389;0.801
6;70;0.292;0.001;3.69e-05;0.29116;0.802
6;71;0.286;0.001;3.74e-05;0.28105;0.802
6;72;0.291;0.0;3.79e-05;0.32146;0.803
6;73;0.29;0.001;3.84e-05;0.39758;0.803
6;74;0.291;0.001;3.89e-05;0.45263;0.802
6;75;0.292;0.001;3.94e-05;0.40955;0.801
6;76;0.292;0.001;3.99e-05;0.47588;0.8
6;77;0.29;0.001;4.04e-05;0.44074;0.799
6;78;0.292;0.001;4.09e-05;0.3068;0.799
6;79;0.29;0.001;4.14e-05;0.50153;0.798
6;80;0.291;0.001;4.19e-05;0.26511;0.799
6;81;0.288;0.001;4.24e-05;0.36706;0.799
6;82;0.292;0.001;4.29e-05;0.11725;0.801
6;83;0.289;0.001;4.33e-05;0.3058;0.801
6;84;0.288;0.0;4.38e-05;0.57635;0.799
6;85;0.288;0.001;4.43e-05;0.48046;0.798
6;86;0.288;0.001;4.48e-05;0.19269;0.8
6;87;0.288;0.001;4.53e-05;0.2997;0.801
6;88;0.289;0.001;4.58e-05;0.3242;0.801
6;89;0.29;0.0;4.63e-05;0.57661;0.8
6;90;0.289;0.001;4.68e-05;0.41233;0.799
6;91;0.29;0.0;4.73e-05;0.48375;0.799
6;92;0.287;0.001;4.78e-05;0.66448;0.797
6;93;0.289;0.001;4.83e-05;0.35139;0.797
6;94;0.285;0.0;4.88e-05;0.33164;0.797
6;95;0.287;0.0;4.93e-05;0.34748;0.798
6;96;0.288;0.001;4.98e-05;0.28747;0.798
6;97;0.293;0.001;5.02e-05;0.27717;0.798
6;98;0.286;0.001;5.07e-05;0.35589;0.798
6;99;0.286;0.001;5.12e-05;0.16013;0.799
6;100;0.286;0.001;5.17e-05;0.40097;0.799
6;101;0.288;0.001;5.22e-05;0.58489;0.798
6;102;0.289;0.0;5.27e-05;0.3766;0.799
6;103;0.29;0.001;5.32e-05;0.34781;0.799
6;104;0.29;0.0;5.37e-05;0.25351;0.799
6;105;0.289;0.001;5.42e-05;0.62035;0.798
6;106;0.286;0.001;5.47e-05;0.41822;0.798
6;107;0.289;0.0;5.52e-05;0.36933;0.798
6;108;0.292;0.001;5.57e-05;0.52587;0.797
6;109;0.287;0.001;5.62e-05;0.36671;0.797
6;110;0.287;0.001;5.67e-05;0.31513;0.797
6;111;0.288;0.0;5.71e-05;0.28404;0.798
6;112;0.288;0.001;5.76e-05;0.41152;0.797
6;113;0.291;0.0;5.81e-05;0.40407;0.797
6;114;0.287;0.0;5.86e-05;0.30911;0.798
6;115;0.294;0.001;5.91e-05;0.42059;0.797
6;116;0.292;0.001;5.96e-05;0.51331;0.797
6;117;0.286;0.001;6.01e-05;0.34291;0.797
6;118;0.29;0.001;6.06e-05;0.77702;0.795
6;119;0.295;0.001;6.11e-05;0.36423;0.795
6;120;0.289;0.001;6.16e-05;0.28499;0.796
6;121;0.286;0.001;6.21e-05;0.2649;0.796
6;122;0.291;0.0;6.26e-05;0.30988;0.797
6;123;0.29;0.001;6.31e-05;0.32844;0.797
6;124;0.286;0.0;6.35e-05;0.32664;0.797
6;125;0.289;0.001;6.4e-05;0.50041;0.797
6;126;0.291;0.001;6.45e-05;0.22442;0.797
6;127;0.295;0.001;6.5e-05;0.5328;0.797
6;128;0.285;0.001;6.55e-05;0.5443;0.796
6;129;0.293;0.0;6.6e-05;0.42979;0.796
6;130;0.291;0.001;6.65e-05;0.22063;0.796
6;131;0.291;0.001;6.7e-05;0.2506;0.797
6;132;0.287;0.001;6.75e-05;0.25946;0.797
6;133;0.292;0.001;6.8e-05;0.4172;0.797
6;134;0.292;0.001;6.85e-05;0.26933;0.798
6;135;0.288;0.0;6.9e-05;0.47672;0.798
6;136;0.289;0.001;6.95e-05;0.31072;0.798
6;137;0.29;0.001;7e-05;0.38063;0.798
6;138;0.289;0.0;7.04e-05;0.44782;0.798
6;139;0.29;0.001;7.09e-05;0.15683;0.799
6;140;0.29;0.001;7.14e-05;0.4699;0.799
6;141;0.295;0.0;7.19e-05;0.2564;0.799
6;142;0.284;0.001;7.24e-05;0.44867;0.799
6;143;0.29;0.0;7.29e-05;0.51986;0.799
6;144;0.285;0.001;7.34e-05;0.3044;0.799
6;145;0.29;0.001;7.39e-05;0.25611;0.799
6;146;0.285;0.001;7.44e-05;0.51371;0.799
6;147;0.293;0.001;7.49e-05;0.49832;0.798
6;148;0.283;0.001;7.54e-05;0.26901;0.799
6;149;0.289;0.0;7.59e-05;0.33005;0.799
6;150;0.291;0.001;7.64e-05;0.4136;0.799
6;151;0.287;0.001;7.68e-05;0.3791;0.799
6;152;0.287;0.001;7.73e-05;0.62159;0.798
6;153;0.293;0.0;7.78e-05;0.53072;0.797
6;154;0.288;0.0;7.83e-05;0.3852;0.797
6;155;0.291;0.001;7.88e-05;0.41607;0.796
6;156;0.289;0.001;7.93e-05;0.5028;0.796
6;157;0.291;0.0;7.98e-05;0.57089;0.795
6;158;0.292;0.001;8.03e-05;0.39234;0.795
6;159;0.291;0.0;8.08e-05;0.51798;0.795
6;160;0.292;0.001;8.13e-05;0.47711;0.794
6;161;0.292;0.0;8.18e-05;0.43066;0.794
6;162;0.291;0.001;8.23e-05;0.45283;0.794
6;163;0.293;0.0;8.28e-05;0.38322;0.794
6;164;0.29;0.001;8.33e-05;0.41535;0.794
6;165;0.295;0.001;8.37e-05;0.34115;0.794
6;166;0.292;0.001;8.42e-05;0.27851;0.794
6;167;0.292;0.001;8.47e-05;0.52269;0.794
6;168;0.291;0.001;8.52e-05;0.29556;0.794
6;169;0.288;0.0;8.57e-05;0.36304;0.794
6;170;0.291;0.001;8.62e-05;0.4021;0.794
6;171;0.292;0.001;8.67e-05;0.22846;0.795
6;172;0.29;0.001;8.72e-05;0.43434;0.795
6;173;0.288;0.001;8.77e-05;0.51389;0.794
6;174;0.291;0.001;8.82e-05;0.44303;0.794
6;175;0.289;0.001;8.87e-05;0.52714;0.794
6;176;0.287;0.0;8.92e-05;0.36402;0.793
6;177;0.291;0.0;8.97e-05;0.3078;0.794
6;178;0.291;0.001;9.01e-05;0.29166;0.794
6;179;0.29;0.001;9.06e-05;0.52829;0.794
6;180;0.292;0.001;9.11e-05;0.3968;0.793
6;181;0.289;0.001;9.16e-05;0.40228;0.793
6;182;0.295;0.0;9.21e-05;0.40838;0.793
6;183;0.291;0.0;9.26e-05;0.38684;0.793
6;184;0.291;0.001;9.31e-05;0.60426;0.792
6;185;0.29;0.001;9.36e-05;0.20512;0.793
6;186;0.288;0.001;9.41e-05;0.33675;0.793
6;187;0.293;0.001;9.46e-05;0.28747;0.793
6;188;0.288;0.001;9.51e-05;0.26006;0.794
6;189;0.292;0.0;9.56e-05;0.38071;0.794
6;190;0.292;0.001;9.61e-05;0.46281;0.793
6;191;0.296;0.001;9.66e-05;0.38914;0.793
6;192;0.29;0.001;9.7e-05;0.34043;0.793
6;193;0.295;0.001;9.75e-05;0.33894;0.793
6;194;0.293;0.0;9.8e-05;0.26969;0.794
6;195;0.291;0.001;9.85e-05;0.38181;0.794
6;196;0.293;0.001;9.9e-05;0.3891;0.793
6;197;0.297;0.0;9.95e-05;0.50713;0.793
6;198;0.293;0.001;0.0001;0.42745;0.793
6;199;0.293;0.0;0.0001005;0.49045;0.793
6;200;0.292;0.001;0.000101;0.21546;0.793
6;201;0.291;0.0;0.0001015;0.46904;0.793
6;202;0.275;0.0;0.000102;0.42816;0.793
7;0;0.158;0.033;0.0001025;0.20099;0.917
7;1;0.28;0.001;3.4e-06;0.44749;0.841
7;2;0.283;0.001;3.9e-06;0.4097;0.809
7;3;0.294;0.001;4.4e-06;0.51918;0.793
7;4;0.29;0.001;4.9e-06;0.40845;0.784
7;5;0.288;0.001;5.4e-06;0.33712;0.788
7;6;0.286;0.001;5.9e-06;0.32932;0.79
7;7;0.293;0.001;6.4e-06;0.4828;0.786
7;8;0.291;0.0;6.9e-06;0.48388;0.786
7;9;0.288;0.001;7.4e-06;0.58187;0.778
7;10;0.289;0.001;7.9e-06;0.27989;0.788
7;11;0.293;0.001;8.4e-06;0.329;0.787
7;12;0.291;0.001;8.9e-06;0.11965;0.797
7;13;0.289;0.001;9.4e-06;0.40469;0.799
7;14;0.287;0.001;9.9e-06;0.385;0.802
7;15;0.293;0.0;1.03e-05;0.35255;0.803
7;16;0.285;0.001;1.08e-05;0.20786;0.809
7;17;0.287;0.0;1.13e-05;0.26635;0.811
7;18;0.295;0.0;1.18e-05;0.57742;0.808
7;19;0.288;0.001;1.23e-05;0.22569;0.811
7;20;0.291;0.001;1.28e-05;0.16021;0.814
7;21;0.291;0.001;1.33e-05;0.35746;0.815
7;22;0.291;0.0;1.38e-05;0.40251;0.813
7;23;0.291;0.0;1.43e-05;0.45601;0.812
7;24;0.287;0.0;1.48e-05;0.28804;0.812
7;25;0.289;0.001;1.53e-05;0.27614;0.814
7;26;0.292;0.001;1.58e-05;0.40622;0.814
7;27;0.289;0.0;1.63e-05;0.21872;0.816
7;28;0.288;0.001;1.67e-05;0.54228;0.81
7;29;0.291;0.001;1.72e-05;0.39101;0.809
7;30;0.294;0.001;1.77e-05;0.37186;0.808
7;31;0.292;0.0;1.82e-05;0.34812;0.808
7;32;0.287;0.0;1.87e-05;0.62013;0.805
7;33;0.292;0.001;1.92e-05;0.18444;0.807
7;34;0.292;0.0;1.97e-05;0.47617;0.805
7;35;0.292;0.0;2.02e-05;0.2689;0.807
7;36;0.292;0.001;2.07e-05;0.41136;0.807
7;37;0.291;0.001;2.12e-05;0.35288;0.806
7;38;0.297;0.001;2.17e-05;0.23199;0.808
7;39;0.288;0.0;2.22e-05;0.39069;0.807
7;40;0.292;0.001;2.27e-05;0.42902;0.807
7;41;0.288;0.001;2.32e-05;0.44226;0.806
7;42;0.293;0.001;2.36e-05;0.39438;0.807
7;43;0.291;0.001;2.41e-05;0.50441;0.806
7;44;0.29;0.001;2.46e-05;0.45625;0.804
7;45;0.292;0.0;2.51e-05;0.44743;0.804
7;46;0.291;0.0;2.56e-05;0.2197;0.806
7;47;0.294;0.001;2.61e-05;0.64895;0.803
7;48;0.292;0.001;2.66e-05;0.5202;0.801
7;49;0.291;0.001;2.71e-05;0.30624;0.802
7;50;0.292;0.001;2.76e-05;0.27793;0.802
7;51;0.291;0.0;2.81e-05;0.32588;0.802
7;52;0.293;0.0;2.86e-05;0.3095;0.803
7;53;0.288;0.001;2.91e-05;0.2214;0.804
7;54;0.295;0.001;2.96e-05;0.39729;0.803
7;55;0.294;0.001;3e-05;0.21244;0.804
7;56;0.292;0.001;3.05e-05;0.22472;0.805
7;57;0.294;0.0;3.1e-05;0.23229;0.805
7;58;0.294;0.001;3.15e-05;0.45827;0.805
7;59;0.292;0.001;3.2e-05;0.27515;0.805
7;60;0.29;0.001;3.25e-05;0.24959;0.806
7;61;0.294;0.0;3.3e-05;0.32134;0.806
7;62;0.294;0.001;3.35e-05;0.27468;0.807
7;63;0.292;0.001;3.4e-05;0.34956;0.807
7;64;0.288;0.0;3.45e-05;0.36884;0.808
7;65;0.295;0.0;3.5e-05;0.49721;0.806
7;66;0.291;0.001;3.55e-05;0.29535;0.806
7;67;0.291;0.001;3.6e-05;0.41667;0.806
7;68;0.295;0.001;3.65e-05;0.32137;0.806
7;69;0.29;0.001;3.69e-05;0.30606;0.806
7;70;0.29;0.001;3.74e-05;0.44789;0.805
7;71;0.296;0.001;3.79e-05;0.17609;0.807
7;72;0.291;0.0;3.84e-05;0.2838;0.808
7;73;0.296;0.001;3.89e-05;0.43097;0.807
7;74;0.291;0.001;3.94e-05;0.27328;0.807
7;75;0.29;0.001;3.99e-05;0.46398;0.807
7;76;0.296;0.0;4.04e-05;0.28776;0.807
7;77;0.288;0.001;4.09e-05;0.20703;0.808
7;78;0.294;0.0;4.14e-05;0.27032;0.808
7;79;0.29;0.0;4.19e-05;0.19742;0.809
7;80;0.287;0.001;4.24e-05;0.38424;0.81
7;81;0.291;0.0;4.29e-05;0.30654;0.81
7;82;0.289;0.001;4.33e-05;0.33972;0.81
7;83;0.291;0.001;4.38e-05;0.20323;0.811
7;84;0.29;0.001;4.43e-05;0.49095;0.811
7;85;0.288;0.001;4.48e-05;0.37682;0.81
7;86;0.291;0.001;4.53e-05;0.27856;0.811
7;87;0.287;0.001;4.58e-05;0.33022;0.811
7;88;0.293;0.001;4.63e-05;0.42008;0.811
7;89;0.291;0.001;4.68e-05;0.34316;0.81
7;90;0.286;0.001;4.73e-05;0.24392;0.811
7;91;0.29;0.001;4.78e-05;0.33864;0.811
7;92;0.294;0.001;4.83e-05;0.26362;0.811
7;93;0.292;0.001;4.88e-05;0.39441;0.811
7;94;0.288;0.001;4.93e-05;0.68469;0.809
7;95;0.289;0.001;4.98e-05;0.22595;0.81
7;96;0.292;0.001;5.02e-05;0.47594;0.809
7;97;0.289;0.001;5.07e-05;0.17489;0.81
7;98;0.288;0.0;5.12e-05;0.25791;0.81
7;99;0.292;0.0;5.17e-05;0.17755;0.811
7;100;0.292;0.001;5.22e-05;0.45912;0.811
7;101;0.291;0.001;5.27e-05;0.20441;0.812
7;102;0.286;0.001;5.32e-05;0.257;0.812
7;103;0.292;0.001;5.37e-05;0.36488;0.812
7;104;0.289;0.001;5.42e-05;0.34981;0.812
7;105;0.292;0.0;5.47e-05;0.22037;0.812
7;106;0.288;0.0;5.52e-05;0.41546;0.812
7;107;0.292;0.001;5.57e-05;0.20704;0.813
7;108;0.29;0.0;5.62e-05;0.55097;0.812
7;109;0.293;0.0;5.67e-05;0.35525;0.812
7;110;0.29;0.001;5.71e-05;0.24491;0.813
7;111;0.289;0.001;5.76e-05;0.36676;0.812
7;112;0.288;0.001;5.81e-05;0.38309;0.812
7;113;0.292;0.001;5.86e-05;0.30076;0.813
7;114;0.286;0.001;5.91e-05;0.27418;0.813
7;115;0.293;0.001;5.96e-05;0.47945;0.812
7;116;0.287;0.001;6.01e-05;0.38547;0.812
7;117;0.291;0.001;6.06e-05;0.35585;0.812
7;118;0.286;0.001;6.11e-05;0.56087;0.811
7;119;0.288;0.001;6.16e-05;0.4804;0.81
7;120;0.293;0.001;6.21e-05;0.32367;0.81
7;121;0.291;0.001;6.26e-05;0.30537;0.81
7;122;0.288;0.0;6.31e-05;0.49438;0.81
7;123;0.292;0.001;6.35e-05;0.21871;0.811
7;124;0.289;0.001;6.4e-05;0.30789;0.811
7;125;0.293;0.0;6.45e-05;0.29954;0.811
7;126;0.289;0.001;6.5e-05;0.50081;0.81
7;127;0.29;0.001;6.55e-05;0.35063;0.81
7;128;0.287;0.0;6.6e-05;0.27383;0.81
7;129;0.288;0.001;6.65e-05;0.37521;0.81
7;130;0.291;0.001;6.7e-05;0.36916;0.81
7;131;0.286;0.001;6.75e-05;0.23406;0.811
7;132;0.288;0.0;6.8e-05;0.26487;0.811
7;133;0.288;0.0;6.85e-05;0.19262;0.812
7;134;0.294;0.001;6.9e-05;0.16876;0.813
7;135;0.289;0.001;6.95e-05;0.40915;0.812
7;136;0.284;0.001;7e-05;0.26968;0.813
7;137;0.288;0.001;7.04e-05;0.34036;0.813
7;138;0.288;0.001;7.09e-05;0.50448;0.812
7;139;0.289;0.001;7.14e-05;0.37392;0.812
7;140;0.289;0.001;7.19e-05;0.21807;0.812
7;141;0.289;0.001;7.24e-05;0.38116;0.812
7;142;0.29;0.001;7.29e-05;0.39001;0.812
7;143;0.29;0.001;7.34e-05;0.27086;0.813
7;144;0.288;0.0;7.39e-05;0.15333;0.814
7;145;0.287;0.001;7.44e-05;0.33603;0.814
7;146;0.291;0.001;7.49e-05;0.22138;0.814
7;147;0.288;0.001;7.54e-05;0.20839;0.815
7;148;0.289;0.001;7.59e-05;0.37488;0.815
7;149;0.288;0.001;7.64e-05;0.26366;0.815
7;150;0.293;0.001;7.68e-05;0.24298;0.816
7;151;0.291;0.001;7.73e-05;0.57141;0.815
7;152;0.288;0.001;7.78e-05;0.32047;0.815
7;153;0.289;0.001;7.83e-05;0.28875;0.815
7;154;0.292;0.0;7.88e-05;0.41333;0.815
7;155;0.291;0.0;7.93e-05;0.36816;0.815
7;156;0.29;0.001;7.98e-05;0.40657;0.815
7;157;0.291;0.0;8.03e-05;0.36115;0.815
7;158;0.289;0.001;8.08e-05;0.44918;0.814
7;159;0.289;0.001;8.13e-05;0.39836;0.814
7;160;0.292;0.001;8.18e-05;0.49967;0.814
7;161;0.291;0.001;8.23e-05;0.38801;0.814
7;162;0.29;0.001;8.28e-05;0.23761;0.814
7;163;0.29;0.001;8.33e-05;0.50771;0.813
7;164;0.288;0.001;8.37e-05;0.35022;0.813
7;165;0.292;0.001;8.42e-05;0.28625;0.813
7;166;0.292;0.0;8.47e-05;0.43819;0.813
7;167;0.293;0.001;8.52e-05;0.29988;0.813
7;168;0.292;0.0;8.57e-05;0.35595;0.813
7;169;0.29;0.0;8.62e-05;0.23452;0.813
7;170;0.291;0.001;8.67e-05;0.29266;0.814
7;171;0.293;0.001;8.72e-05;0.30166;0.814
7;172;0.293;0.001;8.77e-05;0.4522;0.813
7;173;0.293;0.001;8.82e-05;0.30858;0.813
7;174;0.292;0.001;8.87e-05;0.40236;0.813
7;175;0.293;0.001;8.92e-05;0.22542;0.813
7;176;0.292;0.001;8.97e-05;0.51884;0.813
7;177;0.293;0.001;9.01e-05;0.25296;0.813
7;178;0.29;0.001;9.06e-05;0.39577;0.813
7;179;0.294;0.001;9.11e-05;0.38105;0.812
7;180;0.29;0.001;9.16e-05;0.22877;0.812
7;181;0.292;0.001;9.21e-05;0.37632;0.812
7;182;0.294;0.0;9.26e-05;0.33151;0.812
7;183;0.292;0.001;9.31e-05;0.53517;0.812
7;184;0.29;0.001;9.36e-05;0.42707;0.812
7;185;0.296;0.001;9.41e-05;0.47396;0.811
7;186;0.292;0.001;9.46e-05;0.37448;0.811
7;187;0.293;0.001;9.51e-05;0.26925;0.811
7;188;0.289;0.001;9.56e-05;0.33817;0.811
7;189;0.289;0.001;9.61e-05;0.41385;0.811
7;190;0.286;0.001;9.66e-05;0.47043;0.811
7;191;0.289;0.0;9.7e-05;0.32622;0.811
7;192;0.288;0.0;9.75e-05;0.34057;0.811
7;193;0.286;0.001;9.8e-05;0.38511;0.811
7;194;0.287;0.0;9.85e-05;0.47408;0.811
7;195;0.286;0.001;9.9e-05;0.40525;0.811
7;196;0.29;0.001;9.95e-05;0.1902;0.811
7;197;0.287;0.001;0.0001;0.43273;0.811
7;198;0.287;0.0;0.0001005;0.53938;0.811
7;199;0.287;0.001;0.000101;0.2978;0.811
7;200;0.286;0.001;0.0001015;0.38301;0.811
7;201;0.287;0.0;0.000102;0.60483;0.81
7;202;0.272;0.0;0.0001025;0.41306;0.81
8;0;0.157;0.033;0.000103;0.44013;0.777
8;1;0.278;0.001;3.9e-06;0.25138;0.798
8;2;0.286;0.0;4.4e-06;0.3687;0.81
8;3;0.289;0.001;4.9e-06;0.40019;0.798
8;4;0.294;0.0;5.4e-06;0.35542;0.796
8;5;0.286;0.001;5.9e-06;0.2818;0.806
8;6;0.281;0.0;6.4e-06;0.38381;0.805
8;7;0.295;0.001;6.9e-06;0.23382;0.817
8;8;0.289;0.001;7.4e-06;0.49902;0.809
8;9;0.289;0.001;7.9e-06;0.37303;0.812
8;10;0.285;0.001;8.4e-06;0.21555;0.821
8;11;0.289;0.0;8.9e-06;0.19619;0.827
8;12;0.291;0.001;9.4e-06;0.2473;0.831
8;13;0.281;0.001;9.9e-06;0.22913;0.836
8;14;0.293;0.001;1.03e-05;0.32694;0.835
8;15;0.289;0.001;1.08e-05;0.45894;0.831
8;16;0.289;0.0;1.13e-05;0.29485;0.832
8;17;0.287;0.0;1.18e-05;0.25746;0.833
8;18;0.289;0.001;1.23e-05;0.35682;0.832
8;19;0.295;0.001;1.28e-05;0.17382;0.835
8;20;0.288;0.001;1.33e-05;0.51512;0.829
8;21;0.291;0.001;1.38e-05;0.36804;0.827
8;22;0.293;0.001;1.43e-05;0.36945;0.826
8;23;0.288;0.001;1.48e-05;0.4365;0.823
8;24;0.288;0.001;1.53e-05;0.43921;0.821
8;25;0.29;0.0;1.58e-05;0.42141;0.818
8;26;0.288;0.001;1.63e-05;0.12885;0.823
8;27;0.289;0.0;1.67e-05;0.37647;0.823
8;28;0.29;0.001;1.72e-05;0.41311;0.821
8;29;0.287;0.001;1.77e-05;0.29735;0.821
8;30;0.287;0.001;1.82e-05;0.11439;0.825
8;31;0.289;0.001;1.87e-05;0.3533;0.825
8;32;0.29;0.0;1.92e-05;0.49513;0.822
8;33;0.29;0.001;1.97e-05;0.30656;0.823
8;34;0.286;0.0;2.02e-05;0.35848;0.823
8;35;0.29;0.0;2.07e-05;0.37987;0.822
8;36;0.292;0.0;2.12e-05;0.28384;0.823
8;37;0.29;0.001;2.17e-05;0.31027;0.823
8;38;0.288;0.0;2.22e-05;0.27018;0.823
8;39;0.288;0.001;2.27e-05;0.2695;0.824
8;40;0.292;0.001;2.32e-05;0.28069;0.824
8;41;0.291;0.0;2.36e-05;0.3291;0.824
8;42;0.287;0.001;2.41e-05;0.35227;0.823
8;43;0.29;0.001;2.46e-05;0.28962;0.823
8;44;0.291;0.001;2.51e-05;0.45245;0.822
8;45;0.29;0.0;2.56e-05;0.40685;0.82
8;46;0.292;0.0;2.61e-05;0.28135;0.822
8;47;0.288;0.001;2.66e-05;0.31896;0.822
8;48;0.29;0.001;2.71e-05;0.14;0.824
8;49;0.288;0.001;2.76e-05;0.51316;0.823
8;50;0.289;0.001;2.81e-05;0.19053;0.824
8;51;0.29;0.0;2.86e-05;0.31109;0.825
8;52;0.29;0.001;2.91e-05;0.37234;0.825
8;53;0.288;0.001;2.96e-05;0.42394;0.824
8;54;0.289;0.0;3e-05;0.18236;0.826
8;55;0.29;0.0;3.05e-05;0.28677;0.827
8;56;0.29;0.001;3.1e-05;0.50792;0.824
8;57;0.288;0.001;3.15e-05;0.5596;0.822
8;58;0.293;0.001;3.2e-05;0.35957;0.822
8;59;0.29;0.001;3.25e-05;0.35844;0.821
8;60;0.29;0.001;3.3e-05;0.19757;0.823
8;61;0.288;0.0;3.35e-05;0.31691;0.823
8;62;0.29;0.0;3.4e-05;0.22431;0.824
8;63;0.289;0.001;3.45e-05;0.43258;0.823
8;64;0.288;0.001;3.5e-05;0.21686;0.824
8;65;0.292;0.001;3.55e-05;0.2571;0.825
8;66;0.29;0.001;3.6e-05;0.37567;0.825
8;67;0.289;0.001;3.65e-05;0.23007;0.825
8;68;0.29;0.001;3.69e-05;0.23735;0.826
8;69;0.29;0.001;3.74e-05;0.18097;0.827
8;70;0.29;0.001;3.79e-05;0.13648;0.829
8;71;0.286;0.001;3.84e-05;0.21311;0.829
8;72;0.29;0.001;3.89e-05;0.5068;0.828
8;73;0.289;0.0;3.94e-05;0.30037;0.828
8;74;0.287;0.001;3.99e-05;0.42263;0.827
8;75;0.291;0.001;4.04e-05;0.38311;0.827
8;76;0.289;0.001;4.09e-05;0.4437;0.826
8;77;0.294;0.001;4.14e-05;0.26537;0.826
8;78;0.288;0.001;4.19e-05;0.28554;0.827
8;79;0.289;0.0;4.24e-05;0.32099;0.827
8;80;0.289;0.001;4.29e-05;0.25679;0.827
8;81;0.29;0.001;4.33e-05;0.49804;0.826
8;82;0.288;0.0;4.38e-05;0.17908;0.827
8;83;0.294;0.0;4.43e-05;0.141;0.828
8;84;0.292;0.0;4.48e-05;0.25398;0.828
8;85;0.293;0.001;4.53e-05;0.31788;0.828
8;86;0.291;0.0;4.58e-05;0.49826;0.827
8;87;0.295;0.001;4.63e-05;0.34564;0.827
8;88;0.291;0.0;4.68e-05;0.22321;0.828
8;89;0.29;0.0;4.73e-05;0.30721;0.828
8;90;0.293;0.001;4.78e-05;0.29393;0.828
8;91;0.288;0.001;4.83e-05;0.24882;0.828
8;92;0.291;0.0;4.88e-05;0.22898;0.829
8;93;0.291;0.0;4.93e-05;0.387;0.828
8;94;0.288;0.001;4.98e-05;0.32866;0.829
8;95;0.291;0.001;5.02e-05;0.30382;0.829
8;96;0.291;0.001;5.07e-05;0.53828;0.827
8;97;0.293;0.001;5.12e-05;0.49126;0.826
8;98;0.288;0.001;5.17e-05;0.40279;0.826
8;99;0.293;0.0;5.22e-05;0.40764;0.825
8;100;0.285;0.001;5.27e-05;0.18597;0.826
8;101;0.292;0.0;5.32e-05;0.29962;0.827
8;102;0.287;0.001;5.37e-05;0.46666;0.826
8;103;0.294;0.0;5.42e-05;0.29257;0.826
8;104;0.287;0.0;5.47e-05;0.49566;0.825
8;105;0.293;0.001;5.52e-05;0.18191;0.826
8;106;0.291;0.0;5.57e-05;0.48599;0.825
8;107;0.291;0.001;5.62e-05;0.19483;0.826
8;108;0.288;0.001;5.67e-05;0.31359;0.825
8;109;0.292;0.001;5.71e-05;0.34724;0.826
8;110;0.287;0.001;5.76e-05;0.22825;0.826
8;111;0.294;0.0;5.81e-05;0.23708;0.827
8;112;0.288;0.0;5.86e-05;0.39577;0.826
8;113;0.292;0.001;5.91e-05;0.33672;0.826
8;114;0.295;0.0;5.96e-05;0.10659;0.827
8;115;0.289;0.0;6.01e-05;0.235;0.827
8;116;0.296;0.001;6.06e-05;0.29155;0.827
8;117;0.291;0.0;6.11e-05;0.27031;0.827
8;118;0.291;0.001;6.16e-05;0.57788;0.826
8;119;0.291;0.001;6.21e-05;0.24789;0.826
8;120;0.293;0.001;6.26e-05;0.21618;0.827
8;121;0.291;0.001;6.31e-05;0.39174;0.827
8;122;0.289;0.0;6.35e-05;0.28589;0.827
8;123;0.291;0.001;6.4e-05;0.21375;0.828
8;124;0.291;0.001;6.45e-05;0.26091;0.828
8;125;0.288;0.0;6.5e-05;0.33348;0.828
8;126;0.292;0.001;6.55e-05;0.27192;0.828
8;127;0.293;0.001;6.6e-05;0.29165;0.828
8;128;0.293;0.0;6.65e-05;0.32727;0.828
8;129;0.286;0.001;6.7e-05;0.44289;0.827
8;130;0.288;0.001;6.75e-05;0.53927;0.827
8;131;0.293;0.001;6.8e-05;0.23002;0.827
8;132;0.289;0.001;6.85e-05;0.19989;0.828
8;133;0.288;0.0;6.9e-05;0.20751;0.829
8;134;0.286;0.0;6.95e-05;0.31179;0.829
8;135;0.289;0.001;7e-05;0.34609;0.828
8;136;0.286;0.001;7.04e-05;0.30528;0.829
8;137;0.286;0.001;7.09e-05;0.34641;0.828
8;138;0.289;0.001;7.14e-05;0.2374;0.829
8;139;0.287;0.0;7.19e-05;0.20328;0.829
8;140;0.292;0.001;7.24e-05;0.26136;0.829
8;141;0.286;0.001;7.29e-05;0.81036;0.828
8;142;0.286;0.001;7.34e-05;0.61816;0.827
8;143;0.291;0.0;7.39e-05;0.48312;0.826
8;144;0.287;0.001;7.44e-05;0.57778;0.825
8;145;0.288;0.001;7.49e-05;0.22985;0.825
8;146;0.289;0.0;7.54e-05;0.23149;0.826
8;147;0.291;0.001;7.59e-05;0.45884;0.825
8;148;0.3;0.001;7.64e-05;0.49743;0.824
8;149;0.281;0.001;7.68e-05;0.2508;0.825
8;150;0.286;0.001;7.73e-05;0.22655;0.825
8;151;0.287;0.001;7.78e-05;0.25607;0.825
8;152;0.293;0.001;7.83e-05;0.14779;0.826
8;153;0.287;0.001;7.88e-05;0.35084;0.826
8;154;0.285;0.001;7.93e-05;0.32047;0.826
8;155;0.289;0.001;7.98e-05;0.75219;0.824
8;156;0.293;0.001;8.03e-05;0.41358;0.824
8;157;0.287;0.001;8.08e-05;0.29224;0.824
8;158;0.287;0.0;8.13e-05;0.48117;0.823
8;159;0.291;0.0;8.18e-05;0.27262;0.824
8;160;0.287;0.001;8.23e-05;0.8025;0.822
8;161;0.293;0.0;8.28e-05;0.344;0.822
8;162;0.29;0.0;8.33e-05;0.18922;0.822
8;163;0.289;0.0;8.37e-05;0.38136;0.822
8;164;0.29;0.001;8.42e-05;0.44047;0.822
8;165;0.288;0.001;8.47e-05;0.60618;0.821
8;166;0.29;0.0;8.52e-05;0.4383;0.82
8;167;0.292;0.0;8.57e-05;0.46937;0.82
8;168;0.288;0.001;8.62e-05;0.19385;0.82
8;169;0.29;0.0;8.67e-05;0.24851;0.821
8;170;0.287;0.001;8.72e-05;0.516;0.82
8;171;0.289;0.001;8.77e-05;0.21183;0.82
8;172;0.287;0.001;8.82e-05;0.2098;0.821
8;173;0.288;0.001;8.87e-05;0.17614;0.821
8;174;0.287;0.0;8.92e-05;0.43882;0.821
8;175;0.286;0.0;8.97e-05;0.50459;0.82
8;176;0.292;0.001;9.01e-05;0.21867;0.82
8;177;0.29;0.001;9.06e-05;0.35249;0.82
8;178;0.294;0.001;9.11e-05;0.44031;0.82
8;179;0.291;0.001;9.16e-05;0.33016;0.82
8;180;0.296;0.001;9.21e-05;0.40848;0.82
8;181;0.294;0.001;9.26e-05;0.60273;0.819
8;182;0.289;0.001;9.31e-05;0.24654;0.819
8;183;0.296;0.0;9.36e-05;0.47672;0.819
8;184;0.294;0.001;9.41e-05;0.21755;0.819
8;185;0.288;0.0;9.46e-05;0.56716;0.818
8;186;0.292;0.001;9.51e-05;0.42791;0.818
8;187;0.29;0.001;9.56e-05;0.18297;0.819
8;188;0.288;0.001;9.61e-05;0.41898;0.818
8;189;0.292;0.0;9.66e-05;0.14082;0.819
8;190;0.285;0.001;9.7e-05;0.43729;0.818
8;191;0.288;0.0;9.75e-05;0.48953;0.818
8;192;0.29;0.0;9.8e-05;0.67463;0.817
8;193;0.282;0.001;9.85e-05;0.3122;0.817
8;194;0.286;0.001;9.9e-05;0.30918;0.817
8;195;0.288;0.001;9.95e-05;0.37686;0.817
8;196;0.287;0.0;0.0001;0.15753;0.818
8;197;0.286;0.0;0.0001005;0.29898;0.818
8;198;0.289;0.0;0.000101;0.24232;0.818
8;199;0.289;0.0;0.0001015;0.5105;0.818
8;200;0.287;0.001;0.000102;0.32171;0.818
8;201;0.287;0.0;0.0001025;0.29622;0.818
8;202;0.272;0.0;0.000103;0.3478;0.818
9;0;0.159;0.034;0.0001034;0.32317;0.846
9;1;0.278;0.001;4.4e-06;0.30854;0.816
9;2;0.287;0.001;4.9e-06;0.25077;0.825
9;3;0.292;0.001;5.4e-06;0.45705;0.805
9;4;0.293;0.0;5.9e-06;0.35992;0.805
9;5;0.29;0.001;6.4e-06;0.27546;0.812
9;6;0.284;0.001;6.9e-06;0.23807;0.819
9;7;0.291;0.0;7.4e-06;0.47867;0.807
9;8;0.294;0.001;7.9e-06;0.15203;0.82
9;9;0.293;0.0;8.4e-06;0.37373;0.817
9;10;0.286;0.001;8.9e-06;0.4913;0.807
9;11;0.293;0.0;9.4e-06;0.42279;0.803
9;12;0.289;0.0;9.9e-06;0.24425;0.809
9;13;0.289;0.0;1.03e-05;0.35019;0.806
9;14;0.289;0.001;1.08e-05;0.33641;0.808
9;15;0.292;0.001;1.13e-05;0.39475;0.805
9;16;0.292;0.0;1.18e-05;0.23414;0.809
9;17;0.286;0.001;1.23e-05;0.34946;0.81
9;18;0.289;0.001;1.28e-05;0.40902;0.81
9;19;0.29;0.001;1.33e-05;0.38261;0.811
9;20;0.29;0.001;1.38e-05;0.17738;0.815
9;21;0.295;0.0;1.43e-05;0.30922;0.815
9;22;0.293;0.001;1.48e-05;0.38347;0.813
9;23;0.286;0.001;1.53e-05;0.22415;0.818
9;24;0.288;0.0;1.58e-05;0.68052;0.81
9;25;0.287;0.001;1.63e-05;0.478;0.808
9;26;0.289;0.0;1.67e-05;0.6707;0.801
9;27;0.29;0.001;1.72e-05;0.16145;0.804
9;28;0.294;0.0;1.77e-05;0.37001;0.803
9;29;0.29;0.001;1.82e-05;0.53414;0.801
9;30;0.287;0.001;1.87e-05;0.41316;0.799
9;31;0.289;0.0;1.92e-05;0.15512;0.802
9;32;0.292;0.001;1.97e-05;0.27692;0.804
9;33;0.291;0.0;2.02e-05;0.2;0.807
9;34;0.29;0.0;2.07e-05;0.33554;0.808
9;35;0.291;0.001;2.12e-05;0.36042;0.809
9;36;0.288;0.001;2.17e-05;0.34327;0.809
9;37;0.29;0.0;2.22e-05;0.32165;0.809
9;38;0.291;0.001;2.27e-05;0.14761;0.812
9;39;0.291;0.0;2.32e-05;0.36768;0.812
9;40;0.289;0.001;2.36e-05;0.37274;0.811
9;41;0.287;0.001;2.41e-05;0.44705;0.809
9;42;0.292;0.001;2.46e-05;0.26439;0.811
9;43;0.29;0.001;2.51e-05;0.43572;0.809
9;44;0.287;0.001;2.56e-05;0.43602;0.809
9;45;0.285;0.001;2.61e-05;0.32823;0.81
9;46;0.291;0.0;2.66e-05;0.33137;0.81
9;47;0.289;0.0;2.71e-05;0.36736;0.81
9;48;0.289;0.001;2.76e-05;0.26962;0.81
9;49;0.288;0.001;2.81e-05;0.41827;0.81
9;50;0.287;0.001;2.86e-05;0.25556;0.811
9;51;0.293;0.0;2.91e-05;0.21494;0.813
9;52;0.287;0.0;2.96e-05;0.27389;0.813
9;53;0.294;0.001;3e-05;0.22234;0.814
9;54;0.289;0.0;3.05e-05;0.39863;0.815
9;55;0.285;0.0;3.1e-05;0.24974;0.816
9;56;0.288;0.001;3.15e-05;0.33399;0.816
9;57;0.29;0.001;3.2e-05;0.29401;0.816
9;58;0.29;0.001;3.25e-05;0.27117;0.817
9;59;0.288;0.001;3.3e-05;0.24276;0.818
9;60;0.293;0.001;3.35e-05;0.30814;0.819
9;61;0.292;0.001;3.4e-05;0.26069;0.82
9;62;0.291;0.001;3.45e-05;0.25764;0.82
9;63;0.292;0.0;3.5e-05;0.29977;0.82
9;64;0.291;0.0;3.55e-05;0.36783;0.82
9;65;0.289;0.0;3.6e-05;0.26946;0.82
9;66;0.287;0.001;3.65e-05;0.24516;0.821
9;67;0.292;0.0;3.69e-05;0.09528;0.823
9;68;0.29;0.0;3.74e-05;0.19441;0.825
9;69;0.289;0.001;3.79e-05;0.23519;0.826
9;70;0.286;0.001;3.84e-05;0.44964;0.825
9;71;0.295;0.001;3.89e-05;0.29981;0.825
9;72;0.288;0.001;3.94e-05;0.17216;0.826
9;73;0.287;0.001;3.99e-05;0.2847;0.827
9;74;0.289;0.0;4.04e-05;0.24953;0.828
9;75;0.291;0.0;4.09e-05;0.2848;0.828
9;76;0.288;0.0;4.14e-05;0.29342;0.828
9;77;0.289;0.001;4.19e-05;0.27083;0.828
9;78;0.291;0.001;4.24e-05;0.36053;0.828
9;79;0.29;0.001;4.29e-05;0.35945;0.828
9;80;0.289;0.001;4.33e-05;0.19005;0.828
9;81;0.29;0.001;4.38e-05;0.28176;0.828
9;82;0.291;0.0;4.43e-05;0.31871;0.828
9;83;0.292;0.001;4.48e-05;0.18438;0.829
9;84;0.288;0.001;4.53e-05;0.23956;0.83
9;85;0.291;0.0;4.58e-05;0.27445;0.831
9;86;0.289;0.0;4.63e-05;0.34787;0.831
9;87;0.293;0.0;4.68e-05;0.44807;0.83
9;88;0.291;0.0;4.73e-05;0.45386;0.83
9;89;0.295;0.001;4.78e-05;0.38491;0.829
9;90;0.293;0.001;4.83e-05;0.24863;0.83
9;91;0.288;0.0;4.88e-05;0.52905;0.828
9;92;0.29;0.0;4.93e-05;0.39255;0.828
9;93;0.288;0.0;4.98e-05;0.42688;0.827
9;94;0.292;0.001;5.02e-05;0.43199;0.826
9;95;0.286;0.001;5.07e-05;0.30573;0.826
9;96;0.289;0.001;5.12e-05;0.3123;0.826
9;97;0.291;0.001;5.17e-05;0.2302;0.827
9;98;0.289;0.001;5.22e-05;0.25257;0.827
9;99;0.294;0.0;5.27e-05;0.50592;0.825
9;100;0.291;0.001;5.32e-05;0.37134;0.825
9;101;0.29;0.001;5.37e-05;0.20528;0.826
9;102;0.29;0.0;5.42e-05;0.28459;0.827
9;103;0.288;0.0;5.47e-05;0.37221;0.827
9;104;0.293;0.001;5.52e-05;0.363;0.826
9;105;0.29;0.001;5.57e-05;0.67535;0.825
9;106;0.295;0.001;5.62e-05;0.39358;0.824
9;107;0.29;0.001;5.67e-05;0.25362;0.825
9;108;0.286;0.001;5.71e-05;0.51523;0.824
9;109;0.288;0.001;5.76e-05;0.37547;0.824
9;110;0.295;0.001;5.81e-05;0.41977;0.824
9;111;0.289;0.001;5.86e-05;0.43222;0.823
9;112;0.287;0.0;5.91e-05;0.3526;0.823
9;113;0.289;0.001;5.96e-05;0.31037;0.823
9;114;0.297;0.001;6.01e-05;0.35464;0.823
9;115;0.291;0.001;6.06e-05;0.30447;0.823
9;116;0.287;0.0;6.11e-05;0.30656;0.823
9;117;0.296;0.0;6.16e-05;0.25063;0.823
9;118;0.293;0.001;6.21e-05;0.311;0.823
9;119;0.289;0.001;6.26e-05;0.45167;0.822
9;120;0.29;0.001;6.31e-05;0.26174;0.822
9;121;0.295;0.001;6.35e-05;0.37792;0.821
9;122;0.295;0.001;6.4e-05;0.2023;0.821
9;123;0.296;0.001;6.45e-05;0.4563;0.821
9;124;0.289;0.0;6.5e-05;0.52181;0.82
9;125;0.299;0.001;6.55e-05;0.15465;0.821
9;126;0.293;0.001;6.6e-05;0.3828;0.821
9;127;0.294;0.001;6.65e-05;0.31448;0.821
9;128;0.29;0.0;6.7e-05;0.37485;0.821
9;129;0.296;0.0;6.75e-05;0.42176;0.82
9;130;0.289;0.001;6.8e-05;0.39951;0.82
9;131;0.29;0.001;6.85e-05;0.2242;0.821
9;132;0.29;0.001;6.9e-05;0.14647;0.822
9;133;0.29;0.0;6.95e-05;0.32634;0.821
9;134;0.287;0.0;7e-05;0.27432;0.822
9;135;0.292;0.0;7.04e-05;0.27695;0.822
9;136;0.287;0.001;7.09e-05;0.43895;0.821
9;137;0.291;0.0;7.14e-05;0.47499;0.821
9;138;0.287;0.001;7.19e-05;0.42465;0.82
9;139;0.293;0.001;7.24e-05;0.27189;0.821
9;140;0.29;0.001;7.29e-05;0.34194;0.821
9;141;0.294;0.001;7.34e-05;0.33654;0.821
9;142;0.29;0.001;7.39e-05;0.30739;0.821
9;143;0.294;0.001;7.44e-05;0.27608;0.821
9;144;0.282;0.001;7.49e-05;0.58897;0.82
9;145;0.29;0.001;7.54e-05;0.19269;0.82
9;146;0.29;0.001;7.59e-05;0.29798;0.82
9;147;0.288;0.001;7.64e-05;0.45769;0.82
9;148;0.289;0.001;7.68e-05;0.39327;0.82
9;149;0.292;0.001;7.73e-05;0.34728;0.82
9;150;0.29;0.001;7.78e-05;0.42355;0.819
9;151;0.291;0.001;7.83e-05;0.32474;0.82
9;152;0.291;0.0;7.88e-05;0.30522;0.82
9;153;0.295;0.001;7.93e-05;0.32231;0.82
9;154;0.294;0.001;7.98e-05;0.39691;0.819
9;155;0.288;0.001;8.03e-05;0.42427;0.819
9;156;0.29;0.001;8.08e-05;0.21853;0.82
9;157;0.289;0.0;8.13e-05;0.26889;0.82
9;158;0.291;0.0;8.18e-05;0.32945;0.82
9;159;0.291;0.0;8.23e-05;0.30867;0.82
9;160;0.289;0.001;8.28e-05;0.3926;0.82
9;161;0.288;0.0;8.33e-05;0.41766;0.82
9;162;0.291;0.001;8.37e-05;0.31504;0.819
9;163;0.288;0.001;8.42e-05;0.38221;0.82
9;164;0.289;0.001;8.47e-05;0.26951;0.82
9;165;0.287;0.001;8.52e-05;0.37225;0.82
9;166;0.286;0.0;8.57e-05;0.23837;0.82
9;167;0.291;0.001;8.62e-05;0.25634;0.82
9;168;0.288;0.0;8.67e-05;0.6661;0.819
9;169;0.291;0.001;8.72e-05;0.32851;0.819
9;170;0.288;0.001;8.77e-05;0.41076;0.819
9;171;0.291;0.0;8.82e-05;0.32221;0.819
9;172;0.287;0.001;8.87e-05;0.33074;0.819
9;173;0.288;0.0;8.92e-05;0.30209;0.819
9;174;0.294;0.001;8.97e-05;0.35598;0.819
9;175;0.296;0.0;9.01e-05;0.38666;0.819
9;176;0.291;0.0;9.06e-05;0.46515;0.818
9;177;0.292;0.0;9.11e-05;0.29351;0.818
9;178;0.295;0.0;9.16e-05;0.26284;0.819
9;179;0.292;0.001;9.21e-05;0.2482;0.819
9;180;0.287;0.0;9.26e-05;0.24652;0.819
9;181;0.29;0.001;9.31e-05;0.36008;0.819
9;182;0.288;0.001;9.36e-05;0.32206;0.819
9;183;0.286;0.001;9.41e-05;0.31418;0.819
9;184;0.288;0.001;9.46e-05;0.2414;0.82
9;185;0.291;0.0;9.51e-05;0.19572;0.82
9;186;0.293;0.001;9.56e-05;0.34143;0.82
9;187;0.285;0.001;9.61e-05;0.28048;0.82
9;188;0.29;0.001;9.66e-05;0.32218;0.82
9;189;0.29;0.001;9.7e-05;0.20143;0.821
9;190;0.288;0.001;9.75e-05;0.38339;0.821
9;191;0.291;0.0;9.8e-05;0.38099;0.82
9;192;0.289;0.001;9.85e-05;0.35488;0.82
9;193;0.294;0.001;9.9e-05;0.28437;0.82
9;194;0.29;0.001;9.95e-05;0.35648;0.82
9;195;0.291;0.001;0.0001;0.55439;0.819
9;196;0.294;0.001;0.0001005;0.52483;0.819
9;197;0.288;0.001;0.000101;0.38998;0.818
9;198;0.294;0.001;0.0001015;0.26849;0.819
9;199;0.287;0.001;0.000102;0.32898;0.819
9;200;0.291;0.001;0.0001025;0.52601;0.818
9;201;0.291;0.0;0.000103;0.31504;0.818
9;202;0.27;0.0;0.0001034;0.2354;0.819
